musical_work_id,musical_work_variant_titles,contributor_full_name,contributor_auth_url,contributor_viaf_id,genre_style,file_format_1,file_format_2,file_format_3,file_format_4,url_to_file_1,url_to_file_2,url_to_file_3,url_to_file_4,Last_Pitch_Class_1,Last_Pitch_Class_2,Last_Pitch_Class_3,Last_Pitch_Class_4
1,['Missa Sine nomine I'],Q370540,http://viaf.org/viaf/265244429,265244429.0,Q3424719,,,,,,,,,,,,
2,['Missa Conceptio tua'],Q370540,http://viaf.org/viaf/265244429,265244429.0,Q3424719,,,,,,,,,,,,
3,['Missa Pro fidelibus defunctis'],Q370540,http://viaf.org/viaf/265244429,265244429.0,Q3424719,,,,,,,,,,,,
4,['Missa De Sancto Job'],Q370540,http://viaf.org/viaf/265244429,265244429.0,Q3424719,,,,,,,,,,,,
5,"['', 'Missa De feria']",Q370540,http://viaf.org/viaf/265244429,265244429.0,Q3424719,,,,,,,,,,,,
6,['Missa Sancta Dei genitrix'],Q370540,http://viaf.org/viaf/265244429,265244429.0,Q3424719,,,,,,,,,,,,
7,['Salve regina I'],Q370540,http://viaf.org/viaf/265244429,265244429.0,Q3424719,Q10610388,,,,https://db.simssa.ca/files/8,,,,[2.0],,,
8,['Salve regina VI'],Q370540,http://viaf.org/viaf/265244429,265244429.0,Q3424719,Q10610388,,,,https://db.simssa.ca/files/10,,,,[7.0],,,
9,['Missa Tous les regretz'],Q370540,http://viaf.org/viaf/265244429,265244429.0,Q3424719,,,,,,,,,,,,
10,['Missa Puer natus est nobis'],Q370540,http://viaf.org/viaf/265244429,265244429.0,Q3424719,,,,,,,,,,,,
11,['Missa Incessament'],Q370540,http://viaf.org/viaf/265244429,265244429.0,Q3424719,,,,,,,,,,,,
12,['Lauda anima mea dominum'],Q370540,http://viaf.org/viaf/265244429,265244429.0,Q3424719,Q10610388,,,,https://db.simssa.ca/files/15,,,,[2.0],,,
13,['Incessament mon povre'],Q370540,http://viaf.org/viaf/265244429,265244429.0,Q3424719,Q10610388,,,,https://db.simssa.ca/files/16,,,,[7.0],,,
14,['Missa De sancta cruce'],Q370540,http://viaf.org/viaf/265244429,265244429.0,Q3424719,,,,,,,,,,,,
15,['Il est bien heureux'],Q370540,http://viaf.org/viaf/265244429,265244429.0,Q3424719,Q10610388,,,,https://db.simssa.ca/files/18,,,,[2.0],,,
16,['De loeil de la fille du roy'],Q370540,http://viaf.org/viaf/265244429,265244429.0,Q3424719,Q10610388,,,,https://db.simssa.ca/files/19,,,,[2.0],,,
17,['Missa Ave sanctissima Maria'],Q370540,http://viaf.org/viaf/265244429,265244429.0,Q3424719,,,,,,,,,,,,
18,['Missa O salutaris hostia'],Q370540,http://viaf.org/viaf/265244429,265244429.0,Q3424719,,,,,,,,,,,,
19,['Magnificat Octavi toni'],Q370540,http://viaf.org/viaf/265244429,265244429.0,Q3424719,Q10610388,,,,https://db.simssa.ca/files/24,,,,[7.0],,,
20,['Pour ung jamais'],Q370540,http://viaf.org/viaf/265244429,265244429.0,Q3424719,Q10610388,,,,https://db.simssa.ca/files/27,,,,[9.0],,,
21,['Missa Ista est speciosa'],Q370540,http://viaf.org/viaf/265244429,265244429.0,Q3424719,,,,,,,,,,,,
22,['Credo'],Q370540,http://viaf.org/viaf/265244429,265244429.0,Q3424719,,,,,,,,,,,,
23,['Missa De virginibus'],Q370540,http://viaf.org/viaf/265244429,265244429.0,Q3424719,,,,,,,,,,,,
24,['Considera Israel'],Q370540,http://viaf.org/viaf/265244429,265244429.0,Q3424719,Q10610388,,,,https://db.simssa.ca/files/31,,,,[4.0],,,
25,['Tous les regretz'],Q370540,http://viaf.org/viaf/265244429,265244429.0,Q3424719,Q10610388,,,,https://db.simssa.ca/files/33,,,,[2.0],,,
26,['Missa Sub tuum presidium'],Q370540,http://viaf.org/viaf/265244429,265244429.0,Q3424719,,,,,,,,,,,,
27,"['', 'Missa Pascale']",Q370540,http://viaf.org/viaf/265244429,265244429.0,Q3424719,,,,,,,,,,,,
28,['Magnificat Secundi toni'],Q370540,http://viaf.org/viaf/265244429,265244429.0,Q3424719,Q10610388,,,,https://db.simssa.ca/files/39,,,,[2.0],,,
29,['Missa De beata virgine'],Q370540,http://viaf.org/viaf/265244429,265244429.0,Q3424719,,,,,,,,,,,,
30,['Tous nobles coeurs'],Q370540,http://viaf.org/viaf/265244429,265244429.0,Q3424719,Q10610388,,,,https://db.simssa.ca/files/46,,,,[2.0],,,
31,['Missa O gloriosa domina'],Q370540,http://viaf.org/viaf/265244429,265244429.0,Q3424719,,,,,,,,,,,,
32,['Missa Cum iocunditate'],Q370540,http://viaf.org/viaf/265244429,265244429.0,Q3424719,,,,,,,,,,,,
33,['Magnificat Sexti toni'],Q370540,http://viaf.org/viaf/265244429,265244429.0,Q3424719,Q10610388,,,,https://db.simssa.ca/files/53,,,,[5.0],,,
34,['Autant en emporte le vent'],Q370540,http://viaf.org/viaf/265244429,265244429.0,Q3424719,Q10610388,Q10610388,,,https://db.simssa.ca/files/132,https://db.simssa.ca/files/54,,,[7.0],[7.0],,
35,['Missa Ave Maria'],Q370540,http://viaf.org/viaf/265244429,265244429.0,Q3424719,,,,,,,,,,,,
36,['A vous non autre'],Q370540,http://viaf.org/viaf/265244429,265244429.0,Q3424719,Q10610388,Q10610388,,,https://db.simssa.ca/files/147,https://db.simssa.ca/files/60,,,[2.0],[2.0],,
37,['Da pacem Domine'],Q370540,http://viaf.org/viaf/265244429,265244429.0,Q3424719,Q10610388,,,,https://db.simssa.ca/files/64,,,,[7.0],,,
38,['Missa Tandernaken'],Q370540,http://viaf.org/viaf/265244429,265244429.0,Q3424719,,,,,,,,,,,,
39,['Missa Alleluia'],Q370540,http://viaf.org/viaf/265244429,265244429.0,Q3424719,,,,,,,,,,,,
40,['Absalon fili mi'],Q370540,http://viaf.org/viaf/265244429,265244429.0,Q3424719,Q10610388,,,,https://db.simssa.ca/files/75,,,,[10.0],,,
41,['Pourquoy tant'],Q370540,http://viaf.org/viaf/265244429,265244429.0,Q3424719,Q10610388,,,,https://db.simssa.ca/files/78,,,,[9.0],,,
42,['Missa Almana'],Q370540,http://viaf.org/viaf/265244429,265244429.0,Q3424719,,,,,,,,,,,,
43,['Gaude virgo mater Christi'],Q370540,http://viaf.org/viaf/265244429,265244429.0,Q3424719,Q10610388,,,,https://db.simssa.ca/files/81,,,,[2.0],,,
44,['Missa Inviolata'],Q370540,http://viaf.org/viaf/265244429,265244429.0,Q3424719,,,,,,,,,,,,
45,['Magnificat Quarti toni'],Q370540,http://viaf.org/viaf/265244429,265244429.0,Q3424719,Q10610388,,,,https://db.simssa.ca/files/86,,,,[4.0],,,
46,['Trop plus secret'],Q370540,http://viaf.org/viaf/265244429,265244429.0,Q3424719,Q10610388,,,,https://db.simssa.ca/files/91,,,,[2.0],,,
47,['Credo De villagiis'],Q370540,http://viaf.org/viaf/265244429,265244429.0,Q3424719,,,,,,,,,,,,
48,['Missa Assumpta est Maria'],Q370540,http://viaf.org/viaf/265244429,265244429.0,Q3424719,,,,,,,,,,,,
49,['Salve regina II'],Q370540,http://viaf.org/viaf/265244429,265244429.0,Q3424719,Q10610388,,,,https://db.simssa.ca/files/95,,,,[2.0],,,
50,"['', 'Mijn hert altijt heeft verlanghen']",Q370540,http://viaf.org/viaf/265244429,265244429.0,Q3424719,Q10610388,,,,https://db.simssa.ca/files/101,,,,[2.0],,,
51,['Missa De Sancto Antonio'],Q370540,http://viaf.org/viaf/265244429,265244429.0,Q3424719,,,,,,,,,,,,
52,['Il viendra le jour desire'],Q370540,http://viaf.org/viaf/265244429,265244429.0,Q3424719,Q10610388,,,,https://db.simssa.ca/files/107,,,,[9.0],,,
53,['Missa de septem doloribus'],Q370540,http://viaf.org/viaf/265244429,265244429.0,Q3424719,,,,,,,,,,,,
54,['Salve regina IV'],Q370540,http://viaf.org/viaf/265244429,265244429.0,Q3424719,Q10610388,,,,https://db.simssa.ca/files/109,,,,[2.0],,,
55,['Missa Nunca fue pena mayor'],Q370540,http://viaf.org/viaf/265244429,265244429.0,Q3424719,,,,,,,,,,,,
56,['Delicta iuventutis'],Q370540,http://viaf.org/viaf/265244429,265244429.0,Q3424719,Q10610388,,,,https://db.simssa.ca/files/113,,,,[4.0],,,
57,['Pour ce que le suis'],Q370540,http://viaf.org/viaf/265244429,265244429.0,Q3424719,Q10610388,,,,https://db.simssa.ca/files/114,,,,[7.0],,,
58,['Credo sex vocum'],Q370540,http://viaf.org/viaf/265244429,265244429.0,Q3424719,,,,,,,,,,,,
59,['Pourquoy non'],Q370540,http://viaf.org/viaf/265244429,265244429.0,Q3424719,Q10610388,,,,https://db.simssa.ca/files/126,,,,[10.0],,,
60,['Kyrie In festo pasche'],Q370540,http://viaf.org/viaf/265244429,265244429.0,Q3424719,,,,,,,,,,,,
61,['O domine Jesu Christe'],Q370540,http://viaf.org/viaf/265244429,265244429.0,Q3424719,Q10610388,,,,https://db.simssa.ca/files/141,,,,[2.0],,,
62,"['', '', '', '', '', '', '', '', '', 'Ave regina celorum']",Q370540,http://viaf.org/viaf/265244429,265244429.0,Q3424719,Q10610388,,,,https://db.simssa.ca/files/156,,,,[5.0],,,
63,['Salve regina III'],Q370540,http://viaf.org/viaf/265244429,265244429.0,Q3424719,Q10610388,,,,https://db.simssa.ca/files/160,,,,[9.0],,,
64,['Regina celi'],Q370540,http://viaf.org/viaf/265244429,265244429.0,Q3424719,Q10610388,,,,https://db.simssa.ca/files/161,,,,[4.0],,,
65,['Ce nest pas jeu'],Q370540,http://viaf.org/viaf/265244429,265244429.0,Q3424719,Q10610388,,,,https://db.simssa.ca/files/173,,,,[7.0],,,
66,['Quis dabit pacem'],Q370540,http://viaf.org/viaf/265244429,265244429.0,Q3424719,Q10610388,,,,https://db.simssa.ca/files/174,,,,[4.0],,,
67,['Cent mille regretz'],Q370540,http://viaf.org/viaf/265244429,265244429.0,Q3424719,Q10610388,,,,https://db.simssa.ca/files/176,,,,[2.0],,,
68,['Credo Lamour de moy'],Q370540,http://viaf.org/viaf/265244429,265244429.0,Q3424719,,,,,,,,,,,,
69,['Pater de celis deus'],Q370540,http://viaf.org/viaf/265244429,265244429.0,Q3424719,Q10610388,,,,https://db.simssa.ca/files/182,,,,[2.0],,,
70,['O salutaris hostia'],Q370540,http://viaf.org/viaf/265244429,265244429.0,Q3424719,Q10610388,,,,https://db.simssa.ca/files/184,,,,[5.0],,,
71,['Si dormiero'],Q370540,http://viaf.org/viaf/265244429,265244429.0,Q3424719,Q10610388,,,,https://db.simssa.ca/files/185,,,,[9.0],,,
72,['Laudate dominum'],Q370540,http://viaf.org/viaf/265244429,265244429.0,Q3424719,Q10610388,,,,https://db.simssa.ca/files/187,,,,[2.0],,,
73,['Dum Complerentur'],Q215128,http://viaf.org/viaf/32192606,32192606.0,Q3424719,Q10610388,,,,https://db.simssa.ca/files/193,,,,[2.0],,,
74,['Laetatus Sum'],Q215128,http://viaf.org/viaf/32192606,32192606.0,Q3424719,Q10610388,,,,https://db.simssa.ca/files/194,,,,[7.0],,,
75,['Magnificat Primi Toni'],Q215128,http://viaf.org/viaf/32192606,32192606.0,Q3424719,,,,,,,,,,,,
76,['Missa Pro Victoria'],Q215128,http://viaf.org/viaf/32192606,32192606.0,Q3424719,,,,,,,,,,,,
77,['Domine Non Sum Dignus'],Q215128,http://viaf.org/viaf/32192606,32192606.0,Q3424719,Q10610388,,,,https://db.simssa.ca/files/197,,,,[2.0],,,
78,['Magi Viderunt Stellam'],Q215128,http://viaf.org/viaf/32192606,32192606.0,Q3424719,Q10610388,,,,https://db.simssa.ca/files/198,,,,[7.0],,,
79,['Missa Gaudeamus'],Q215128,http://viaf.org/viaf/32192606,32192606.0,Q3424719,,,,,,,,,,,,
80,['Missa De Beata Maria'],Q215128,http://viaf.org/viaf/32192606,32192606.0,Q3424719,,,,,,,,,,,,
81,['Sanctorum Meritis'],Q215128,http://viaf.org/viaf/32192606,32192606.0,Q3424719,Q10610388,,,,https://db.simssa.ca/files/201,,,,[6.0],,,
82,['Vexilla Regis I'],Q215128,http://viaf.org/viaf/32192606,32192606.0,Q3424719,Q10610388,,,,https://db.simssa.ca/files/203,,,,[2.0],,,
83,"['', 'Tibi Christe']",Q215128,http://viaf.org/viaf/32192606,32192606.0,Q3424719,Q10610388,,,,https://db.simssa.ca/files/204,,,,[4.0],,,
84,['Missa O Magnum Mysterium'],Q215128,http://viaf.org/viaf/32192606,32192606.0,Q3424719,,,,,,,,,,,,
85,['O Quam Gloriosum Est Regnum'],Q215128,http://viaf.org/viaf/32192606,32192606.0,Q3424719,Q10610388,,,,https://db.simssa.ca/files/206,,,,[7.0],,,
86,['Missa Alma Redemptoris'],Q215128,http://viaf.org/viaf/32192606,32192606.0,Q3424719,,,,,,,,,,,,
87,['Missa Ave Regina'],Q215128,http://viaf.org/viaf/32192606,32192606.0,Q3424719,,,,,,,,,,,,
88,['Ad Caenam Agni Providi'],Q215128,http://viaf.org/viaf/32192606,32192606.0,Q3424719,Q10610388,,,,https://db.simssa.ca/files/209,,,,[9.0],,,
89,['Ecce Sacerdos Magnus'],Q215128,http://viaf.org/viaf/32192606,32192606.0,Q3424719,Q10610388,,,,https://db.simssa.ca/files/210,,,,[2.0],,,
90,Q116059796,Q215128,http://viaf.org/viaf/32192606,32192606.0,Q3424719,,,,,,,,,,,,
91,['Magnificat Octavi Toni'],Q215128,http://viaf.org/viaf/32192606,32192606.0,Q3424719,,,,,,,,,,,,
92,Q7079623,Q215128,http://viaf.org/viaf/32192606,32192606.0,Q3424719,,,,,,,,,,,,
93,['Beata Es Virgo Maria'],Q215128,http://viaf.org/viaf/32192606,32192606.0,Q3424719,Q10610388,,,,https://db.simssa.ca/files/215,,,,[5.0],,,
94,['Tu Es Petrus'],Q215128,http://viaf.org/viaf/32192606,32192606.0,Q3424719,Q10610388,,,,https://db.simssa.ca/files/217,,,,[2.0],,,
95,['Magnificat Septimi Toni'],Q215128,http://viaf.org/viaf/32192606,32192606.0,Q3424719,,,,,,,,,,,,
96,['Conditor Alme Siderum'],Q215128,http://viaf.org/viaf/32192606,32192606.0,Q3424719,Q10610388,,,,https://db.simssa.ca/files/220,,,,[4.0],,,
97,['Domine In Virtute Tua'],Q215128,http://viaf.org/viaf/32192606,32192606.0,Q3424719,Q10610388,,,,https://db.simssa.ca/files/221,,,,[7.0],,,
98,['Laudate Dominum Omnes Gentes'],Q215128,http://viaf.org/viaf/32192606,32192606.0,Q3424719,Q10610388,,,,https://db.simssa.ca/files/222,,,,[7.0],,,
99,['Missa Ascendens Christus In Altum'],Q215128,http://viaf.org/viaf/32192606,32192606.0,Q3424719,,,,,,,,,,,,
100,['Requiem (a 4)'],Q215128,http://viaf.org/viaf/32192606,32192606.0,Q3424719,,,,,,,,,,,,
101,['Iste Confessor'],Q215128,http://viaf.org/viaf/32192606,32192606.0,Q3424719,Q10610388,,,,https://db.simssa.ca/files/225,,,,[7.0],,,
102,['Missa Quam Pulchri Sunt'],Q215128,http://viaf.org/viaf/32192606,32192606.0,Q3424719,,,,,,,,,,,,
103,['Missa Quarti Toni'],Q215128,http://viaf.org/viaf/32192606,32192606.0,Q3424719,,,,,,,,,,,,
104,['Missa Surge Propera'],Q215128,http://viaf.org/viaf/32192606,32192606.0,Q3424719,,,,,,,,,,,,
105,['Missa Vidi Speciosam'],Q215128,http://viaf.org/viaf/32192606,32192606.0,Q3424719,,,,,,,,,,,,
106,['Congratulamini Mihi'],Q215128,http://viaf.org/viaf/32192606,32192606.0,Q3424719,Q10610388,,,,https://db.simssa.ca/files/232,,,,[7.0],,,
107,['Ne Timeas Maria'],Q215128,http://viaf.org/viaf/32192606,32192606.0,Q3424719,Q10610388,,,,https://db.simssa.ca/files/234,,,,[7.0],,,
108,['Aurea Luce'],Q215128,http://viaf.org/viaf/32192606,32192606.0,Q3424719,Q10610388,,,,https://db.simssa.ca/files/236,,,,[4.0],,,
109,['Missa Laetatus Sum'],Q215128,http://viaf.org/viaf/32192606,32192606.0,Q3424719,,,,,,,,,,,,
110,['O Vos Omnes Qui Transitis Per Viam'],Q215128,http://viaf.org/viaf/32192606,32192606.0,Q3424719,Q10610388,,,,https://db.simssa.ca/files/238,,,,[9.0],,,
111,['Veni Sponsa Christe'],Q215128,http://viaf.org/viaf/32192606,32192606.0,Q3424719,Q10610388,,,,https://db.simssa.ca/files/243,,,,[2.0],,,
112,['Nisi Dominus'],Q215128,http://viaf.org/viaf/32192606,32192606.0,Q3424719,Q10610388,,,,https://db.simssa.ca/files/245,,,,[5.0],,,
113,['Benedicta Sit'],Q215128,http://viaf.org/viaf/32192606,32192606.0,Q3424719,Q10610388,,,,https://db.simssa.ca/files/246,,,,[5.0],,,
114,['Popule Meus'],Q215128,http://viaf.org/viaf/32192606,32192606.0,Q3424719,Q10610388,,,,https://db.simssa.ca/files/247,,,,[5.0],,,
115,['Salve Regina (a 8)'],Q215128,http://viaf.org/viaf/32192606,32192606.0,Q3424719,Q10610388,,,,https://db.simssa.ca/files/250,,,,[7.0],,,
116,['Missa Dum Complerentur'],Q215128,http://viaf.org/viaf/32192606,32192606.0,Q3424719,,,,,,,,,,,,
117,['Salve Regina (a 5)'],Q215128,http://viaf.org/viaf/32192606,32192606.0,Q3424719,Q10610388,Q10610388,,,https://db.simssa.ca/files/255,https://db.simssa.ca/files/348,,,[2.0],[2.0],,
118,['Missa O Quam Gloriosum'],Q215128,http://viaf.org/viaf/32192606,32192606.0,Q3424719,,,,,,,,,,,,
119,['Tantum Ergo'],Q215128,http://viaf.org/viaf/32192606,32192606.0,Q3424719,Q10610388,,,,https://db.simssa.ca/files/257,,,,[5.0],,,
120,['Magnificat Secundi Toni'],Q215128,http://viaf.org/viaf/32192606,32192606.0,Q3424719,,,,,,,,,,,,
121,['Missa Simile Est Regnum Coelorum'],Q215128,http://viaf.org/viaf/32192606,32192606.0,Q3424719,,,,,,,,,,,,
122,['Tristes Erant Apostoli'],Q215128,http://viaf.org/viaf/32192606,32192606.0,Q3424719,Q10610388,,,,https://db.simssa.ca/files/261,,,,[9.0],,,
123,['Descendit Angelus'],Q215128,http://viaf.org/viaf/32192606,32192606.0,Q3424719,Q10610388,,,,https://db.simssa.ca/files/263,,,,[9.0],,,
124,['O Quam Metuendus Est'],Q215128,http://viaf.org/viaf/32192606,32192606.0,Q3424719,Q10610388,,,,https://db.simssa.ca/files/268,,,,[9.0],,,
125,['Lauda Mater Ecclesia'],Q215128,http://viaf.org/viaf/32192606,32192606.0,Q3424719,Q10610388,,,,https://db.simssa.ca/files/269,,,,[4.0],,,
126,['Benedicam Dominum'],Q215128,http://viaf.org/viaf/32192606,32192606.0,Q3424719,Q10610388,,,,https://db.simssa.ca/files/270,,,,[7.0],,,
127,['O Sacrum Convivium (a 4)'],Q215128,http://viaf.org/viaf/32192606,32192606.0,Q3424719,Q10610388,,,,https://db.simssa.ca/files/271,,,,[5.0],,,
128,['Missa Trahe Me Post Te'],Q215128,http://viaf.org/viaf/32192606,32192606.0,Q3424719,,,,,,,,,,,,
129,['Vexilla Regis II'],Q215128,http://viaf.org/viaf/32192606,32192606.0,Q3424719,Q10610388,,,,https://db.simssa.ca/files/273,,,,[2.0],,,
130,['Christe Redemptor Omnium I'],Q215128,http://viaf.org/viaf/32192606,32192606.0,Q3424719,Q10610388,,,,https://db.simssa.ca/files/274,,,,[7.0],,,
131,['O Magnum Mysterium'],Q215128,http://viaf.org/viaf/32192606,32192606.0,Q3424719,Q10610388,,,,https://db.simssa.ca/files/276,,,,[9.0],,,
132,['Date Ei De Fructu'],Q215128,http://viaf.org/viaf/32192606,32192606.0,Q3424719,Q10610388,,,,https://db.simssa.ca/files/277,,,,[7.0],,,
133,['Jesu Nostra Redemptio'],Q215128,http://viaf.org/viaf/32192606,32192606.0,Q3424719,Q10610388,,,,https://db.simssa.ca/files/279,,,,[6.0],,,
134,['Decus Egregie'],Q215128,http://viaf.org/viaf/32192606,32192606.0,Q3424719,Q10610388,,,,https://db.simssa.ca/files/283,,,,[6.0],,,
135,['Hujus Obtentu Deus'],Q215128,http://viaf.org/viaf/32192606,32192606.0,Q3424719,Q10610388,,,,https://db.simssa.ca/files/286,,,,[6.0],,,
136,['Pasion San Juan'],Q215128,http://viaf.org/viaf/32192606,32192606.0,Q3424719,Q10610388,,,,https://db.simssa.ca/files/288,,,,[0.0],,,
137,['O Lux Beata Trinitas'],Q215128,http://viaf.org/viaf/32192606,32192606.0,Q3424719,Q10610388,,,,https://db.simssa.ca/files/289,,,,[7.0],,,
138,['Regina Caeli Laetare (a 8)'],Q215128,http://viaf.org/viaf/32192606,32192606.0,Q3424719,Q10610388,,,,https://db.simssa.ca/files/292,,,,[5.0],,,
139,['Ardens Est Cor Meum'],Q215128,http://viaf.org/viaf/32192606,32192606.0,Q3424719,Q10610388,,,,https://db.simssa.ca/files/294,,,,[2.0],,,
140,['Jesu Corona Virginum'],Q215128,http://viaf.org/viaf/32192606,32192606.0,Q3424719,Q10610388,,,,https://db.simssa.ca/files/295,,,,[2.0],,,
141,['Duo Seraphim'],Q215128,http://viaf.org/viaf/32192606,32192606.0,Q3424719,Q10610388,,,,https://db.simssa.ca/files/297,,,,[10.0],,,
142,['Missa Ave Maris Stella'],Q215128,http://viaf.org/viaf/32192606,32192606.0,Q3424719,,,,,,,,,,,,
143,['Salvete Flores Martyrum'],Q215128,http://viaf.org/viaf/32192606,32192606.0,Q3424719,Q10610388,,,,https://db.simssa.ca/files/302,,,,[7.0],,,
144,['Ecce Nunc Benedicite'],Q215128,http://viaf.org/viaf/32192606,32192606.0,Q3424719,Q10610388,,,,https://db.simssa.ca/files/303,,,,[5.0],,,
145,['O Sacrum Convivium (a 6)'],Q215128,http://viaf.org/viaf/32192606,32192606.0,Q3424719,Q10610388,,,,https://db.simssa.ca/files/305,,,,[5.0],,,
146,['Quicumque Christum Quaeritis'],Q215128,http://viaf.org/viaf/32192606,32192606.0,Q3424719,Q10610388,,,,https://db.simssa.ca/files/306,,,,[7.0],,,
147,['Surrexit Pastor Bonus'],Q215128,http://viaf.org/viaf/32192606,32192606.0,Q3424719,Q10610388,,,,https://db.simssa.ca/files/309,,,,[5.0],,,
148,['Sancta Maria Succurre Miseris'],Q215128,http://viaf.org/viaf/32192606,32192606.0,Q3424719,Q10610388,,,,https://db.simssa.ca/files/310,,,,[6.0],,,
149,['O Doctor Optime'],Q215128,http://viaf.org/viaf/32192606,32192606.0,Q3424719,Q10610388,,,,https://db.simssa.ca/files/312,,,,[7.0],,,
150,['O Ildenphonse'],Q215128,http://viaf.org/viaf/32192606,32192606.0,Q3424719,Q10610388,,,,https://db.simssa.ca/files/313,,,,[2.0],,,
151,['Vadam Et Circuibo Civitatem'],Q215128,http://viaf.org/viaf/32192606,32192606.0,Q3424719,Q10610388,,,,https://db.simssa.ca/files/314,,,,[9.0],,,
152,['Ave Regina Caelorum (a 8)'],Q215128,http://viaf.org/viaf/32192606,32192606.0,Q3424719,Q10610388,,,,https://db.simssa.ca/files/318,,,,[5.0],,,
153,['Ave Regina Caelorum (a 5)'],Q215128,http://viaf.org/viaf/32192606,32192606.0,Q3424719,Q10610388,,,,https://db.simssa.ca/files/320,,,,[5.0],,,
154,['Ascendens Christus In Altum'],Q215128,http://viaf.org/viaf/32192606,32192606.0,Q3424719,Q10610388,,,,https://db.simssa.ca/files/322,,,,[2.0],,,
155,['Urbs Beata Jerusalem'],Q215128,http://viaf.org/viaf/32192606,32192606.0,Q3424719,Q10610388,,,,https://db.simssa.ca/files/324,,,,[4.0],,,
156,['Missa Salve'],Q215128,http://viaf.org/viaf/32192606,32192606.0,Q3424719,,,,,,,,,,,,
157,['Magnificat Quinti Toni'],Q215128,http://viaf.org/viaf/32192606,32192606.0,Q3424719,,,,,,,,,,,,
158,['Magnificat Sexti Toni'],Q215128,http://viaf.org/viaf/32192606,32192606.0,Q3424719,,,,,,,,,,,,
159,['Petrus Beatus'],Q215128,http://viaf.org/viaf/32192606,32192606.0,Q3424719,Q10610388,,,,https://db.simssa.ca/files/331,,,,[4.0],,,
160,['Ave Maris Stella'],Q215128,http://viaf.org/viaf/32192606,32192606.0,Q3424719,,,,,,,,,,,,
161,['Beati Immaculati'],Q215128,http://viaf.org/viaf/32192606,32192606.0,Q3424719,Q10610388,,,,https://db.simssa.ca/files/333,,,,[7.0],,,
162,['Te Deum'],Q215128,http://viaf.org/viaf/32192606,32192606.0,Q3424719,Q10610388,,,,https://db.simssa.ca/files/335,,,,[4.0],,,
163,['Ad Preces Nostras Deitatis Aures'],Q215128,http://viaf.org/viaf/32192606,32192606.0,Q3424719,Q10610388,,,,https://db.simssa.ca/files/339,,,,[7.0],,,
164,['Iste Sanctus'],Q215128,http://viaf.org/viaf/32192606,32192606.0,Q3424719,Q10610388,,,,https://db.simssa.ca/files/342,,,,[7.0],,,
165,['Ut Queant Laxis'],Q215128,http://viaf.org/viaf/32192606,32192606.0,Q3424719,Q10610388,,,,https://db.simssa.ca/files/344,,,,[7.0],,,
166,['Letaniae De Beata Virgine'],Q215128,http://viaf.org/viaf/32192606,32192606.0,Q3424719,Q10610388,,,,https://db.simssa.ca/files/345,,,,[7.0],,,
167,['Victimae Paschale'],Q215128,http://viaf.org/viaf/32192606,32192606.0,Q3424719,Q10610388,,,,https://db.simssa.ca/files/349,,,,[2.0],,,
168,['Magnificat Quarti Toni'],Q215128,http://viaf.org/viaf/32192606,32192606.0,Q3424719,,,,,,,,,,,,
169,['Deus Tuorum Militum'],Q215128,http://viaf.org/viaf/32192606,32192606.0,Q3424719,Q10610388,,,,https://db.simssa.ca/files/358,,,,[4.0],,,
170,['Veni Sancte Spiritus'],Q215128,http://viaf.org/viaf/32192606,32192606.0,Q3424719,Q10610388,,,,https://db.simssa.ca/files/359,,,,[7.0],,,
171,['Ave Maria (a 4)'],Q215128,http://viaf.org/viaf/32192606,32192606.0,Q3424719,Q10610388,,,,https://db.simssa.ca/files/360,,,,[2.0],,,
172,['Vidi Aquam'],Q215128,http://viaf.org/viaf/32192606,32192606.0,Q3424719,Q10610388,,,,https://db.simssa.ca/files/365,,,,[2.0],,,
173,['Vidi Speciosam (a 6)'],Q215128,http://viaf.org/viaf/32192606,32192606.0,Q3424719,Q10610388,,,,https://db.simssa.ca/files/368,,,,[5.0],,,
174,['O Domine Jesu Christe'],Q215128,http://viaf.org/viaf/32192606,32192606.0,Q3424719,Q10610388,,,,https://db.simssa.ca/files/369,,,,[7.0],,,
175,['Nigra Sum Sed Formosa'],Q215128,http://viaf.org/viaf/32192606,32192606.0,Q3424719,Q10610388,,,,https://db.simssa.ca/files/371,,,,[2.0],,,
176,['Veni Creator Spiritus'],Q215128,http://viaf.org/viaf/32192606,32192606.0,Q3424719,Q10610388,,,,https://db.simssa.ca/files/372,,,,[7.0],,,
177,['Ave Maria (a 8)'],Q215128,http://viaf.org/viaf/32192606,32192606.0,Q3424719,Q10610388,,,,https://db.simssa.ca/files/374,,,,[9.0],,,
178,['Regina Caeli Laetare (a 5)'],Q215128,http://viaf.org/viaf/32192606,32192606.0,Q3424719,Q10610388,,,,https://db.simssa.ca/files/375,,,,[5.0],,,
179,['Vidi Speciosam (a 8)'],Q215128,http://viaf.org/viaf/32192606,32192606.0,Q3424719,Q10610388,,,,https://db.simssa.ca/files/381,,,,[7.0],,,
180,['Hostis Herodes Impie'],Q215128,http://viaf.org/viaf/32192606,32192606.0,Q3424719,Q10610388,,,,https://db.simssa.ca/files/383,,,,[7.0],,,
181,['Estote Fortes In Bello'],Q215128,http://viaf.org/viaf/32192606,32192606.0,Q3424719,Q10610388,,,,https://db.simssa.ca/files/385,,,,[2.0],,,
182,['Exultet Coelum Laudibus'],Q215128,http://viaf.org/viaf/32192606,32192606.0,Q3424719,Q10610388,,,,https://db.simssa.ca/files/386,,,,[4.0],,,
183,['Salve Regina (a 6)'],Q215128,http://viaf.org/viaf/32192606,32192606.0,Q3424719,Q10610388,,,,https://db.simssa.ca/files/390,,,,[4.0],,,
184,['Alma Redemptoris Mater (a 8)'],Q215128,http://viaf.org/viaf/32192606,32192606.0,Q3424719,Q10610388,,,,https://db.simssa.ca/files/392,,,,[5.0],,,
185,['Ego Sum Panis Vivus'],Q215128,http://viaf.org/viaf/32192606,32192606.0,Q3424719,Q10610388,,,,https://db.simssa.ca/files/394,,,,[2.0],,,
186,['Christe Redemptor Omnium II'],Q215128,http://viaf.org/viaf/32192606,32192606.0,Q3424719,Q10610388,,,,https://db.simssa.ca/files/395,,,,[4.0],,,
187,['Pange Lingua'],Q215128,http://viaf.org/viaf/32192606,32192606.0,Q3424719,Q10610388,,,,https://db.simssa.ca/files/399,,,,[5.0],,,
188,['Pueri Hebraeorum'],Q215128,http://viaf.org/viaf/32192606,32192606.0,Q3424719,Q10610388,,,,https://db.simssa.ca/files/402,,,,[7.0],,,
189,['Doctor Bonus Amicus Dei'],Q215128,http://viaf.org/viaf/32192606,32192606.0,Q3424719,Q10610388,,,,https://db.simssa.ca/files/405,,,,[7.0],,,
190,['Ecce Dominus Veniet'],Q215128,http://viaf.org/viaf/32192606,32192606.0,Q3424719,Q10610388,,,,https://db.simssa.ca/files/407,,,,[0.0],,,
191,['Nunc Dimittis'],Q215128,http://viaf.org/viaf/32192606,32192606.0,Q3424719,Q10610388,,,,https://db.simssa.ca/files/408,,,,[4.0],,,
192,['Laudate Pueri Dominum'],Q215128,http://viaf.org/viaf/32192606,32192606.0,Q3424719,Q10610388,,,,https://db.simssa.ca/files/409,,,,[5.0],,,
193,['Alma Redemptoris Mater (a 5)'],Q215128,http://viaf.org/viaf/32192606,32192606.0,Q3424719,Q10610388,,,,https://db.simssa.ca/files/410,,,,[5.0],,,
194,['Gaudent In Caelis'],Q215128,http://viaf.org/viaf/32192606,32192606.0,Q3424719,Q10610388,,,,https://db.simssa.ca/files/411,,,,[5.0],,,
195,['Quam Pulchri Sunt Gressus Tui'],Q215128,http://viaf.org/viaf/32192606,32192606.0,Q3424719,Q10610388,,,,https://db.simssa.ca/files/412,,,,[7.0],,,
196,['Lucis Creator Optime'],Q215128,http://viaf.org/viaf/32192606,32192606.0,Q3424719,Q10610388,,,,https://db.simssa.ca/files/413,,,,[7.0],,,
197,['Lauda Sion Salvatorem'],Q215128,http://viaf.org/viaf/32192606,32192606.0,Q3424719,Q10610388,,,,https://db.simssa.ca/files/415,,,,[7.0],,,
198,['Quem Vidistis Pastores'],Q215128,http://viaf.org/viaf/32192606,32192606.0,Q3424719,Q10610388,,,,https://db.simssa.ca/files/416,,,,[9.0],,,
199,['O Decus Apostolicum'],Q215128,http://viaf.org/viaf/32192606,32192606.0,Q3424719,Q10610388,,,,https://db.simssa.ca/files/419,,,,[7.0],,,
200,['Gaude Maria Virgo'],Q215128,http://viaf.org/viaf/32192606,32192606.0,Q3424719,Q10610388,,,,https://db.simssa.ca/files/420,,,,[7.0],,,
201,['Pange Lingua Gloriosi'],Q215128,http://viaf.org/viaf/32192606,32192606.0,Q3424719,Q10610388,,,,https://db.simssa.ca/files/421,,,,[9.0],,,
202,['Rex Gloriose Martyrum'],Q215128,http://viaf.org/viaf/32192606,32192606.0,Q3424719,Q10610388,,,,https://db.simssa.ca/files/422,,,,[7.0],,,
203,['O Lux Et Decus Hispaniae'],Q215128,http://viaf.org/viaf/32192606,32192606.0,Q3424719,Q10610388,,,,https://db.simssa.ca/files/423,,,,[7.0],,,
204,['Hic Vir Despiciens Mundum'],Q215128,http://viaf.org/viaf/32192606,32192606.0,Q3424719,Q10610388,,,,https://db.simssa.ca/files/424,,,,[2.0],,,
205,['Resplenduit Facies Ejus'],Q215128,http://viaf.org/viaf/32192606,32192606.0,Q3424719,Q10610388,,,,https://db.simssa.ca/files/425,,,,[2.0],,,
206,['Senex Puerum Portabat'],Q215128,http://viaf.org/viaf/32192606,32192606.0,Q3424719,Q10610388,,,,https://db.simssa.ca/files/428,,,,[4.0],,,
207,['Vere Languores Nostros Ipse Tulit'],Q215128,http://viaf.org/viaf/32192606,32192606.0,Q3424719,Q10610388,,,,https://db.simssa.ca/files/430,,,,[9.0],,,
208,['O Regem Caeli'],Q215128,http://viaf.org/viaf/32192606,32192606.0,Q3424719,Q10610388,,,,https://db.simssa.ca/files/434,,,,[5.0],,,
209,['Miserere'],Q215128,http://viaf.org/viaf/32192606,32192606.0,Q3424719,Q10610388,,,,https://db.simssa.ca/files/435,,,,[4.0],,,
210,['Quodcumque Vinclis'],Q215128,http://viaf.org/viaf/32192606,32192606.0,Q3424719,Q10610388,,,,https://db.simssa.ca/files/436,,,,[4.0],,,
211,['Dixit Dominus'],Q215128,http://viaf.org/viaf/32192606,32192606.0,Q3424719,Q10610388,,,,https://db.simssa.ca/files/438,,,,[4.0],,,
212,['Pasion San Mateo'],Q215128,http://viaf.org/viaf/32192606,32192606.0,Q3424719,Q10610388,,,,https://db.simssa.ca/files/441,,,,[0.0],,,
213,['Asperges Me'],Q215128,http://viaf.org/viaf/32192606,32192606.0,Q3424719,Q10610388,,,,https://db.simssa.ca/files/442,,,,[2.0],,,
214,['Super Flumina Babylonis'],Q215128,http://viaf.org/viaf/32192606,32192606.0,Q3424719,Q10610388,,,,https://db.simssa.ca/files/443,,,,[5.0],,,
215,['Cum Beatus Ignatius'],Q215128,http://viaf.org/viaf/32192606,32192606.0,Q3424719,Q10610388,,,,https://db.simssa.ca/files/445,,,,[9.0],,,
216,['Trahe Me Post Te'],Q215128,http://viaf.org/viaf/32192606,32192606.0,Q3424719,Q10610388,,,,https://db.simssa.ca/files/447,,,,[7.0],,,
217,['Jesu Dulcis Memoria'],Q215128,http://viaf.org/viaf/32192606,32192606.0,Q3424719,Q10610388,,,,https://db.simssa.ca/files/452,,,,[9.0],,,
218,Q16850889,Q143100,http://viaf.org/viaf/100226284,100226284.0,Q3424719,,,,,,,,,,,,
219,['Honor decus imperium'],Q143100,http://viaf.org/viaf/100226284,100226284.0,Q3424719,Q10610388,,,,https://db.simssa.ca/files/455,,,,[7.0],,,
220,['Missa Lhomme arme super voces musicales'],Q143100,http://viaf.org/viaf/100226284,100226284.0,Q3424719,,,,,,,,,,,,
221,Q3859207,Q143100,http://viaf.org/viaf/100226284,100226284.0,Q3424719,,,,,,,,,,,,
222,['Missa Malheur me bat'],Q143100,http://viaf.org/viaf/100226284,100226284.0,Q3424719,,,,,,,,,,,,
223,['Ave maris stella verse 4  Monstra te esse matrem'],Q143100,http://viaf.org/viaf/100226284,100226284.0,Q3424719,,,,,,,,,,,,
224,['Domine non secundum peccata'],Q143100,http://viaf.org/viaf/100226284,100226284.0,Q3424719,Q10610388,,,,https://db.simssa.ca/files/460,,,,[7.0],,,
225,['Nymphes des bois  Requiem'],Q143100,http://viaf.org/viaf/100226284,100226284.0,Q3424719,Q10610388,,,,https://db.simssa.ca/files/461,,,,[4.0],,,
226,['La Bernardina'],Q143100,http://viaf.org/viaf/100226284,100226284.0,Q3424719,Q10610388,,,,https://db.simssa.ca/files/462,,,,[0.0],,,
227,Q3859200,Q143100,http://viaf.org/viaf/100226284,100226284.0,Q3424719,,,,,,,,,,,,
228,Q6878148,Q143100,http://viaf.org/viaf/100226284,100226284.0,Q3424719,,,,,,,,,,,,
229,['Missa Hercules dux Ferrarie'],Q143100,http://viaf.org/viaf/100226284,100226284.0,Q3424719,,,,,,,,,,,,
230,['O Domine Jesu Christe'],Q143100,http://viaf.org/viaf/100226284,100226284.0,Q3424719,Q10610388,,,,https://db.simssa.ca/files/466,,,,[2.0],,,
231,Q3859201,Q143100,http://viaf.org/viaf/100226284,100226284.0,Q3424719,,,,,,,,,,,,
232,['Huc me sydereo (a 5)'],Q143100,http://viaf.org/viaf/100226284,100226284.0,Q3424719,Q10610388,,,,https://db.simssa.ca/files/468,,,,[2.0],,,
233,['A la mort  Monstra te esse matrem'],Q143100,http://viaf.org/viaf/100226284,100226284.0,Q3424719,Q10610388,,,,https://db.simssa.ca/files/469,,,,[9.0],,,
234,['Vive le roy'],Q143100,http://viaf.org/viaf/100226284,100226284.0,Q3424719,Q10610388,,,,https://db.simssa.ca/files/470,,,,[0.0],,,
235,Q116250912,Q143100,http://viaf.org/viaf/100226284,100226284.0,Q3424719,Q10610388,,,,https://db.simssa.ca/files/471,,,,[7.0],,,
236,['Missa Faisant regretz'],Q143100,http://viaf.org/viaf/100226284,100226284.0,Q3424719,,,,,,,,,,,,
237,['Missa Lhomme arme sexti toni'],Q143100,http://viaf.org/viaf/100226284,100226284.0,Q3424719,,,,,,,,,,,,
238,['Comment peult avoir joye'],Q143100,http://viaf.org/viaf/100226284,100226284.0,Q3424719,Q10610388,,,,https://db.simssa.ca/files/477,,,,[0.0],,,
239,['Missa Fortuna desperata'],Q143100,http://viaf.org/viaf/100226284,100226284.0,Q3424719,,,,,,,,,,,,
240,['Homo quidam fecit cenam'],Q143100,http://viaf.org/viaf/100226284,100226284.0,Q3424719,Q10610388,,,,https://db.simssa.ca/files/483,,,,[0.0],,,
241,['Memor esto verbi tui'],Q143100,http://viaf.org/viaf/100226284,100226284.0,Q3424719,Q10610388,,,,https://db.simssa.ca/files/486,,,,[9.0],,,
242,['La plus des plus'],Q143100,http://viaf.org/viaf/100226284,100226284.0,Q3424719,Q10610388,,,,https://db.simssa.ca/files/487,,,,[9.0],,,
243,['Que vous madame  In pace'],Q143100,http://viaf.org/viaf/100226284,100226284.0,Q3424719,Q10610388,,,,https://db.simssa.ca/files/488,,,,[7.0],,,
244,['Ecce tu pulchra es'],Q143100,http://viaf.org/viaf/100226284,100226284.0,Q3424719,Q10610388,,,,https://db.simssa.ca/files/490,,,,[2.0],,,
245,['Gloria De beata virgine'],Q143100,http://viaf.org/viaf/100226284,100226284.0,Q3424719,,,,,,,,,,,,
246,['Missa Ave maris stella'],Q143100,http://viaf.org/viaf/100226284,100226284.0,Q3424719,,,,,,,,,,,,
247,['Cueur langoreulx'],Q143100,http://viaf.org/viaf/100226284,100226284.0,Q3424719,Q10610388,,,,https://db.simssa.ca/files/494,,,,[2.0],,,
248,['Qui habitat in adjutorio altissimi'],Q143100,http://viaf.org/viaf/100226284,100226284.0,Q3424719,Q10610388,,,,https://db.simssa.ca/files/495,,,,[2.0],,,
249,['De profundis clamavi'],Q143100,http://viaf.org/viaf/100226284,100226284.0,Q3424719,Q10610388,,,,https://db.simssa.ca/files/496,,,,[4.0],,,
250,['Qui velatus'],Q143100,http://viaf.org/viaf/100226284,100226284.0,Q3424719,Q10610388,,,,https://db.simssa.ca/files/497,,,,[4.0],,,
251,['Pater noster'],Q143100,http://viaf.org/viaf/100226284,100226284.0,Q3424719,Q10610388,,,,https://db.simssa.ca/files/504,,,,[7.0],,,
252,['Benedicta es celorum'],Q143100,http://viaf.org/viaf/100226284,100226284.0,Q3424719,Q10610388,,,,https://db.simssa.ca/files/507,,,,[7.0],,,
253,['A lheure'],Q143100,http://viaf.org/viaf/100226284,100226284.0,Q3424719,Q10610388,,,,https://db.simssa.ca/files/510,,,,[7.0],,,
254,['Preter rerum seriem'],Q143100,http://viaf.org/viaf/100226284,100226284.0,Q3424719,Q10610388,,,,https://db.simssa.ca/files/512,,,,[7.0],,,
255,['Entre je suis'],Q143100,http://viaf.org/viaf/100226284,100226284.0,Q3424719,Q10610388,,,,https://db.simssa.ca/files/513,,,,[7.0],,,
256,['O virgo prudentissima'],Q143100,http://viaf.org/viaf/100226284,100226284.0,Q3424719,Q10610388,,,,https://db.simssa.ca/files/514,,,,[7.0],,,
257,['Virgo salutiferi  Ave Maria'],Q143100,http://viaf.org/viaf/100226284,100226284.0,Q3424719,Q10610388,,,,https://db.simssa.ca/files/517,,,,[7.0],,,
258,['Fortuna desperata'],Q143100,http://viaf.org/viaf/100226284,100226284.0,Q3424719,Q10610388,,,,https://db.simssa.ca/files/518,,,,[5.0],,,
259,['Ave Maria ... virgo serena (a 6)'],Q143100,http://viaf.org/viaf/100226284,100226284.0,Q3424719,Q10610388,,,,https://db.simssa.ca/files/519,,,,[0.0],,,
260,['Credo De tous biens playne'],Q143100,http://viaf.org/viaf/100226284,100226284.0,Q3424719,,,,,,,,,,,,
261,Q16949660,Q143100,http://viaf.org/viaf/100226284,100226284.0,Q3424719,Q10610388,,,,https://db.simssa.ca/files/524,,,,[0.0],,,
262,['Factum est autem'],Q143100,http://viaf.org/viaf/100226284,100226284.0,Q3424719,Q10610388,,,,https://db.simssa.ca/files/525,,,,[7.0],,,
263,['Entree suis en grant pensee'],Q143100,http://viaf.org/viaf/100226284,100226284.0,Q3424719,Q10610388,,,,https://db.simssa.ca/files/526,,,,[7.0],,,
264,['Salve regina'],Q143100,http://viaf.org/viaf/100226284,100226284.0,Q3424719,Q10610388,Q10610388,,,https://db.simssa.ca/files/527,https://db.simssa.ca/files/559,,,[7.0],[7.0],,
265,['Fortuna dun gran tempo'],Q143100,http://viaf.org/viaf/100226284,100226284.0,Q3424719,Q10610388,,,,https://db.simssa.ca/files/528,,,,[5.0],,,
266,['Liber generationis'],Q143100,http://viaf.org/viaf/100226284,100226284.0,Q3424719,Q10610388,,,,https://db.simssa.ca/files/529,,,,[9.0],,,
267,['Se congie prens'],Q143100,http://viaf.org/viaf/100226284,100226284.0,Q3424719,Q10610388,,,,https://db.simssa.ca/files/531,,,,[7.0],,,
268,['Huc me sydereo (a 6)'],Q143100,http://viaf.org/viaf/100226284,100226284.0,Q3424719,Q10610388,,,,https://db.simssa.ca/files/532,,,,[2.0],,,
269,['O admirabile commercium'],Q143100,http://viaf.org/viaf/100226284,100226284.0,Q3424719,Q10610388,,,,https://db.simssa.ca/files/533,,,,[7.0],,,
270,['Bergerette savoysienne'],Q143100,http://viaf.org/viaf/100226284,100226284.0,Q3424719,Q10610388,,,,https://db.simssa.ca/files/534,,,,[0.0],,,
271,['Victimae paschali laudes  Dung aultre amer'],Q143100,http://viaf.org/viaf/100226284,100226284.0,Q3424719,Q10610388,,,,https://db.simssa.ca/files/535,,,,[7.0],,,
272,['Faulte dargent'],Q143100,http://viaf.org/viaf/100226284,100226284.0,Q3424719,Q10610388,,,,https://db.simssa.ca/files/536,,,,[2.0],,,
273,Q116215873,Q143100,http://viaf.org/viaf/100226284,100226284.0,Q3424719,Q10610388,,,,https://db.simssa.ca/files/538,,,,[7.0],,,
274,['Tu solus qui facis mirabilia'],Q143100,http://viaf.org/viaf/100226284,100226284.0,Q3424719,Q10610388,,,,https://db.simssa.ca/files/540,,,,[7.0],,,
275,['En lombre dung buissonnet'],Q143100,http://viaf.org/viaf/100226284,100226284.0,Q3424719,Q10610388,,,,https://db.simssa.ca/files/542,,,,[7.0],,,
276,['Alma redemptoris mater  Ave regina celorum'],Q143100,http://viaf.org/viaf/100226284,100226284.0,Q3424719,Q10610388,,,,https://db.simssa.ca/files/545,,,,[0.0],,,
277,['Baisez moy'],Q143100,http://viaf.org/viaf/100226284,100226284.0,Q3424719,Q10610388,,,,https://db.simssa.ca/files/547,,,,[7.0],,,
278,['O virgo virginum'],Q143100,http://viaf.org/viaf/100226284,100226284.0,Q3424719,Q10610388,,,,https://db.simssa.ca/files/548,,,,[7.0],,,
279,['Plus nulz regrets'],Q143100,http://viaf.org/viaf/100226284,100226284.0,Q3424719,Q10610388,,,,https://db.simssa.ca/files/549,,,,[2.0],,,
280,['Si jay perdu mon amy'],Q143100,http://viaf.org/viaf/100226284,100226284.0,Q3424719,Q10610388,,,,https://db.simssa.ca/files/550,,,,[7.0],,,
281,['Magnificat Tertii toni'],Q143100,http://viaf.org/viaf/100226284,100226284.0,Q3424719,Q10610388,,,,https://db.simssa.ca/files/551,,,,[9.0],,,
282,['Ave verum corpus'],Q143100,http://viaf.org/viaf/100226284,100226284.0,Q3424719,Q10610388,,,,https://db.simssa.ca/files/552,,,,[0.0],,,
283,['Petite camusette'],Q143100,http://viaf.org/viaf/100226284,100226284.0,Q3424719,Q10610388,,,,https://db.simssa.ca/files/555,,,,[9.0],,,
284,['Miserere mei Deus'],Q143100,http://viaf.org/viaf/100226284,100226284.0,Q3424719,Q10610388,,,,https://db.simssa.ca/files/556,,,,[9.0],,,
285,['Stabat mater  Comme femme'],Q143100,http://viaf.org/viaf/100226284,100226284.0,Q3424719,Q10610388,,,,https://db.simssa.ca/files/557,,,,[5.0],,,
286,['Ce povre mendiant  Pauper sum ego'],Q143100,http://viaf.org/viaf/100226284,100226284.0,Q3424719,Q10610388,,,,https://db.simssa.ca/files/558,,,,[9.0],,,
287,['Adieu mes amours'],Q143100,http://viaf.org/viaf/100226284,100226284.0,Q3424719,Q10610388,,,,https://db.simssa.ca/files/560,,,,[7.0],,,
288,['Je sey bien dire'],Q143100,http://viaf.org/viaf/100226284,100226284.0,Q3424719,Q10610388,,,,https://db.simssa.ca/files/563,,,,[5.0],,,
289,['De tous biens plaine'],Q143100,http://viaf.org/viaf/100226284,100226284.0,Q3424719,Q10610388,,,,https://db.simssa.ca/files/564,,,,[7.0],,,
290,['Ile fantazies de Joskin'],Q143100,http://viaf.org/viaf/100226284,100226284.0,Q3424719,Q10610388,,,,https://db.simssa.ca/files/569,,,,[7.0],,,
291,['Madame helas'],Q143100,http://viaf.org/viaf/100226284,100226284.0,Q3424719,Q10610388,,,,https://db.simssa.ca/files/572,,,,[10.0],,,
292,['Vultum tuum deprecabuntur'],Q143100,http://viaf.org/viaf/100226284,100226284.0,Q3424719,Q10610388,,,,https://db.simssa.ca/files/575,,,,[7.0],,,
293,['Une musque de Buscaya'],Q143100,http://viaf.org/viaf/100226284,100226284.0,Q3424719,Q10610388,,,,https://db.simssa.ca/files/576,,,,[10.0],,,
294,['Scaramella'],Q143100,http://viaf.org/viaf/100226284,100226284.0,Q3424719,Q10610388,,,,https://db.simssa.ca/files/577,,,,[2.0],,,
295,['Nimphes nappes  Circumdederunt me'],Q143100,http://viaf.org/viaf/100226284,100226284.0,Q3424719,Q10610388,,,,https://db.simssa.ca/files/580,,,,[5.0],,,
296,['Inviolata integra et casta es'],Q143100,http://viaf.org/viaf/100226284,100226284.0,Q3424719,Q10610388,,,,https://db.simssa.ca/files/581,,,,[5.0],,,
297,['Illibata dei virgo'],Q143100,http://viaf.org/viaf/100226284,100226284.0,Q3424719,Q10610388,,,,https://db.simssa.ca/files/583,,,,[7.0],,,
298,['Gaude virgo'],Q143100,http://viaf.org/viaf/100226284,100226284.0,Q3424719,Q10610388,,,,https://db.simssa.ca/files/584,,,,[2.0],,,
299,['Se vostre cuer'],Q143059,http://viaf.org/viaf/22150988,22150988.0,Q3424719,Q10610388,,,,https://db.simssa.ca/files/585,,,,[5.0],,,
300,Q104764795,Q143059,http://viaf.org/viaf/22150988,22150988.0,Q3424719,,,,,,,,,,,,
301,['Missa Quinti toni'],Q143059,http://viaf.org/viaf/22150988,22150988.0,Q3424719,,,,,,,,,,,,
302,['Missa Au travail suis'],Q143059,http://viaf.org/viaf/22150988,22150988.0,Q3424719,,,,,,,,,,,,
303,['Jen ay dueil'],Q143059,http://viaf.org/viaf/22150988,22150988.0,Q3424719,Q10610388,Q10610388,,,https://db.simssa.ca/files/589,https://db.simssa.ca/files/631,,,[9.0],[9.0],,
304,['Missa Sine nomine'],Q143059,http://viaf.org/viaf/22150988,22150988.0,Q3424719,,,,,,,,,,,,
305,['Missa Caput'],Q143059,http://viaf.org/viaf/22150988,22150988.0,Q3424719,,,,,,,,,,,,
306,['Missa Lhomme arme'],Q143059,http://viaf.org/viaf/22150988,22150988.0,Q3424719,,,,,,,,,,,,
307,['Missa Ecce ancilla domini'],Q143059,http://viaf.org/viaf/22150988,22150988.0,Q3424719,,,,,,,,,,,,
308,['Malheur me bat'],Q143059,http://viaf.org/viaf/22150988,22150988.0,Q3424719,Q10610388,,,,https://db.simssa.ca/files/594,,,,[4.0],,,
309,['Fors seulement lattente'],Q143059,http://viaf.org/viaf/22150988,22150988.0,Q3424719,Q10610388,,,,https://db.simssa.ca/files/595,,,,[9.0],,,
310,['Presque transi'],Q143059,http://viaf.org/viaf/22150988,22150988.0,Q3424719,Q10610388,,,,https://db.simssa.ca/files/596,,,,[4.0],,,
311,['Missa Cuiusvis toni (D)'],Q143059,http://viaf.org/viaf/22150988,22150988.0,Q3424719,,,,,,,,,,,,
312,['Missa Fors seulement'],Q143059,http://viaf.org/viaf/22150988,22150988.0,Q3424719,,,,,,,,,,,,
313,['Intemerata Dei mater'],Q143059,http://viaf.org/viaf/22150988,22150988.0,Q3424719,Q10610388,,,,https://db.simssa.ca/files/604,,,,[4.0],,,
314,['Missa Cuiusvis toni (E)'],Q143059,http://viaf.org/viaf/22150988,22150988.0,Q3424719,,,,,,,,,,,,
315,['Ma bouche rit'],Q143059,http://viaf.org/viaf/22150988,22150988.0,Q3424719,Q10610388,,,,https://db.simssa.ca/files/606,,,,[4.0],,,
316,['Aultre Venus'],Q143059,http://viaf.org/viaf/22150988,22150988.0,Q3424719,Q10610388,,,,https://db.simssa.ca/files/608,,,,[5.0],,,
317,['Les desleaulx'],Q143059,http://viaf.org/viaf/22150988,22150988.0,Q3424719,Q10610388,,,,https://db.simssa.ca/files/609,,,,[2.0],,,
318,['Prenez sur moy'],Q143059,http://viaf.org/viaf/22150988,22150988.0,Q3424719,Q10610388,,,,https://db.simssa.ca/files/610,,,,[7.0],,,
319,['Missa Ma maistresse'],Q143059,http://viaf.org/viaf/22150988,22150988.0,Q3424719,,,,,,,,,,,,
320,['Il ne men chault'],Q143059,http://viaf.org/viaf/22150988,22150988.0,Q3424719,Q10610388,,,,https://db.simssa.ca/files/616,,,,[7.0],,,
321,Q1459719,Q143059,http://viaf.org/viaf/22150988,22150988.0,Q3424719,,,,,,,,,,,,
322,['Departes vous'],Q143059,http://viaf.org/viaf/22150988,22150988.0,Q3424719,Q10610388,,,,https://db.simssa.ca/files/621,,,,[2.0],,,
323,['Ave Maria'],Q143059,http://viaf.org/viaf/22150988,22150988.0,Q3424719,Q10610388,,,,https://db.simssa.ca/files/629,,,,[9.0],,,
324,['Salve regina I'],Q143059,http://viaf.org/viaf/22150988,22150988.0,Q3424719,Q10610388,,,,https://db.simssa.ca/files/632,,,,[2.0],,,
325,['Missa Cuiusvis toni (F)'],Q143059,http://viaf.org/viaf/22150988,22150988.0,Q3424719,,,,,,,,,,,,
326,['Missa De plus en plus'],Q143059,http://viaf.org/viaf/22150988,22150988.0,Q3424719,,,,,,,,,,,,
327,['O rosa bella'],Q143059,http://viaf.org/viaf/22150988,22150988.0,Q3424719,Q10610388,,,,https://db.simssa.ca/files/636,,,,[7.0],,,
328,['Dung aultre amer'],Q143059,http://viaf.org/viaf/22150988,22150988.0,Q3424719,Q10610388,,,,https://db.simssa.ca/files/637,,,,[7.0],,,
329,['Fors seullement contre'],Q143059,http://viaf.org/viaf/22150988,22150988.0,Q3424719,Q10610388,,,,https://db.simssa.ca/files/638,,,,[7.0],,,
330,['Lautre dantan'],Q143059,http://viaf.org/viaf/22150988,22150988.0,Q3424719,Q10610388,,,,https://db.simssa.ca/files/639,,,,[7.0],,,
331,['La despourveue'],Q143059,http://viaf.org/viaf/22150988,22150988.0,Q3424719,Q10610388,,,,https://db.simssa.ca/files/641,,,,[5.0],,,
332,['Ung aultre la'],Q143059,http://viaf.org/viaf/22150988,22150988.0,Q3424719,Q10610388,,,,https://db.simssa.ca/files/642,,,,[7.0],,,
333,Q751045,Q143059,http://viaf.org/viaf/22150988,22150988.0,Q3424719,,,,,,,,,,,,
334,['Quant de vous seul'],Q143059,http://viaf.org/viaf/22150988,22150988.0,Q3424719,Q10610388,,,,https://db.simssa.ca/files/650,,,,[2.0],,,
335,['Ma maistresse'],Q143059,http://viaf.org/viaf/22150988,22150988.0,Q3424719,Q10610388,,,,https://db.simssa.ca/files/653,,,,[9.0],,,
336,['Baisies moy'],Q143059,http://viaf.org/viaf/22150988,22150988.0,Q3424719,Q10610388,,,,https://db.simssa.ca/files/655,,,,[2.0],,,
337,['Tant fuz gentement'],Q143059,http://viaf.org/viaf/22150988,22150988.0,Q3424719,Q10610388,,,,https://db.simssa.ca/files/657,,,,[2.0],,,
338,['Selle mamera  Petite camusette'],Q143059,http://viaf.org/viaf/22150988,22150988.0,Q3424719,Q10610388,,,,https://db.simssa.ca/files/658,,,,[2.0],,,
339,['Permanent vierge  Pulchra es  Sancta Dei genitrix'],Q143059,http://viaf.org/viaf/22150988,22150988.0,Q3424719,Q10610388,,,,https://db.simssa.ca/files/660,,,,[2.0],,,
340,['Alma redemptoris mater'],Q143059,http://viaf.org/viaf/22150988,22150988.0,Q3424719,Q10610388,,,,https://db.simssa.ca/files/669,,,,[0.0],,,
341,['Mort tu as navre  Miserere'],Q143059,http://viaf.org/viaf/22150988,22150988.0,Q3424719,Q10610388,,,,https://db.simssa.ca/files/670,,,,[2.0],,,
342,['Credo Village'],Q143059,http://viaf.org/viaf/22150988,22150988.0,Q3424719,,,,,,,,,,,,
343,['Ques mi vida'],Q143059,http://viaf.org/viaf/22150988,22150988.0,Q3424719,Q10610388,,,,https://db.simssa.ca/files/673,,,,[2.0],,,
344,['Quant ce viendra'],Q317937,,,Q3424719,Q10610388,,,,https://db.simssa.ca/files/683,,,,[7.0],,,
345,['Missa Lhomme arme'],Q317937,,,Q3424719,,,,,,,,,,,,
346,['O Fortune trop tu es dure'],Q317937,,,Q3424719,Q10610388,,,,https://db.simssa.ca/files/685,,,,[7.0],,,
347,['Armours fait moult tant  Il est de bonne heure ne  Tant que nostre argent dura'],Q317937,,,Q3424719,Q10610388,,,,https://db.simssa.ca/files/686,,,,[7.0],,,
348,['Lautrier que passa'],Q317937,,,Q3424719,Q10610388,,,,https://db.simssa.ca/files/687,,,,[7.0],,,
349,['Quelque pauvre homme I'],Q317937,,,Q3424719,Q10610388,,,,https://db.simssa.ca/files/688,,,,[0.0],,,
350,['Au povre par necessite'],Q317937,,,Q3424719,Q10610388,,,,https://db.simssa.ca/files/689,,,,[0.0],,,
351,['Anthoni usque limina'],Q317937,,,Q3424719,Q10610388,,,,https://db.simssa.ca/files/690,,,,[7.0],,,
352,['Seule a par moy'],Q317937,,,Q3424719,Q10610388,,,,https://db.simssa.ca/files/692,,,,[7.0],,,
353,['Anima mea liquefacta est  Stirips Jesse'],Q317937,,,Q3424719,Q10610388,,,,https://db.simssa.ca/files/693,,,,[2.0],,,
354,['Ja que li ne si attende'],Q317937,,,Q3424719,Q10610388,,,,https://db.simssa.ca/files/694,,,,[0.0],,,
355,['In myne zynn'],Q317937,,,Q3424719,Q10610388,,,,https://db.simssa.ca/files/695,,,,[7.0],,,
356,['Quelque pauvre homme II'],Q317937,,,Q3424719,Q10610388,,,,https://db.simssa.ca/files/696,,,,[2.0],,,
357,['Corps digne  Dieu quel mariage'],Q317937,,,Q3424719,Q10610388,,,,https://db.simssa.ca/files/697,,,,[5.0],,,
358,['Le monde est tel'],Q317937,,,Q3424719,Q10610388,,,,https://db.simssa.ca/files/698,,,,[9.0],,,
359,['Acordes moy'],Q317937,,,Q3424719,Q10610388,,,,https://db.simssa.ca/files/699,,,,[7.0],,,
360,['Joye me fuit'],Q317937,,,Q3424719,Q10610388,,,,https://db.simssa.ca/files/700,,,,[2.0],,,
361,['Jay pris amours'],Q317937,,,Q3424719,Q10610388,,,,https://db.simssa.ca/files/701,,,,[2.0],,,
362,['Vostre gracieuse acointance'],Q317937,,,Q3424719,Q10610388,,,,https://db.simssa.ca/files/702,,,,[7.0],,,
363,['In hydraulis'],Q317937,,,Q3424719,Q10610388,,,,https://db.simssa.ca/files/703,,,,[2.0],,,
364,['En tous les lieux'],Q317937,,,Q3424719,Q10610388,,,,https://db.simssa.ca/files/704,,,,[5.0],,,
365,['Ha que ville II'],Q317937,,,Q3424719,Q10610388,,,,https://db.simssa.ca/files/705,,,,[7.0],,,
366,['En soustenant vostre querelle'],Q317937,,,Q3424719,Q10610388,,,,https://db.simssa.ca/files/706,,,,[9.0],,,
367,['Pour entretenir mes amours'],Q317937,,,Q3424719,Q10610388,,,,https://db.simssa.ca/files/708,,,,[2.0],,,
368,['Ma tres souveraine princesse'],Q317937,,,Q3424719,Q10610388,,,,https://db.simssa.ca/files/709,,,,[7.0],,,
369,['Terrible dame'],Q317937,,,Q3424719,Q10610388,,,,https://db.simssa.ca/files/710,,,,[0.0],,,
370,['Le corps sen va'],Q317937,,,Q3424719,Q10610388,,,,https://db.simssa.ca/files/711,,,,[2.0],,,
371,['On a grant mal  On est bien malade'],Q317937,,,Q3424719,Q10610388,,,,https://db.simssa.ca/files/712,,,,[7.0],,,
372,['Je ne demande aultre degre'],Q317937,,,Q3424719,Q10610388,,,,https://db.simssa.ca/files/713,,,,[5.0],,,
373,['Quant jay au cueur'],Q317937,,,Q3424719,Q10610388,,,,https://db.simssa.ca/files/714,,,,[2.0],,,
374,['Vous marchez  Marionnette'],Q317937,,,Q3424719,Q10610388,,,,https://db.simssa.ca/files/715,,,,[5.0],,,
375,Q114891086,Q317937,,,Q3424719,Q10610388,,,,https://db.simssa.ca/files/716,,,,[7.0],,,
376,['A qui vens tu tes coquilles'],Q317937,,,Q3424719,Q10610388,,,,https://db.simssa.ca/files/717,,,,[2.0],,,
377,['En voyant sa dame'],Q317937,,,Q3424719,Q10610388,,,,https://db.simssa.ca/files/718,,,,[5.0],,,
378,['Ha que ville I'],Q317937,,,Q3424719,Q10610388,,,,https://db.simssa.ca/files/719,,,,[7.0],,,
379,['Ung grand povre homme'],Q317937,,,Q3424719,Q10610388,,,,https://db.simssa.ca/files/721,,,,[5.0],,,
380,['Ce nest pas moy'],Q317937,,,Q3424719,Q10610388,,,,https://db.simssa.ca/files/722,,,,[10.0],,,
381,['Bel Acueil le sergent dAmours'],Q317937,,,Q3424719,Q10610388,,,,https://db.simssa.ca/files/723,,,,[2.0],,,
382,['Ung que plus tous I'],Q317937,,,Q3424719,Q10610388,,,,https://db.simssa.ca/files/724,,,,[7.0],,,
383,['Faulx mesdisans'],Q317937,,,Q3424719,Q10610388,,,,https://db.simssa.ca/files/725,,,,[5.0],,,
384,['A une dame'],Q317937,,,Q3424719,Q10610388,,,,https://db.simssa.ca/files/726,,,,[2.0],,,
385,['Jay mains de biens'],Q317937,,,Q3424719,Q10610388,,,,https://db.simssa.ca/files/727,,,,[7.0],,,
386,['Une filleresse destouppes  Sil y a compagnon  Vostre amour'],Q317937,,,Q3424719,Q10610388,,,,https://db.simssa.ca/files/728,,,,[2.0],,,
387,['Ung plus que tous II'],Q317937,,,Q3424719,Q10610388,,,,https://db.simssa.ca/files/729,,,,[7.0],,,
388,['Con tutta gentileca'],Q317937,,,Q3424719,Q10610388,,,,https://db.simssa.ca/files/730,,,,[7.0],,,
389,['Advegne que venir pourra'],Q317937,,,Q3424719,Q10610388,,,,https://db.simssa.ca/files/731,,,,[7.0],,,
390,['Ma plus quassez'],Q317937,,,Q3424719,Q10610388,,,,https://db.simssa.ca/files/733,,,,[0.0],,,
391,['Soudainement mon cueur a pris'],Q317937,,,Q3424719,Q10610388,,,,https://db.simssa.ca/files/734,,,,[2.0],,,
392,['Amors nous traite  Je men voy'],Q317937,,,Q3424719,Q10610388,,,,https://db.simssa.ca/files/735,,,,[7.0],,,
393,['Pucellotte que dieu vous gart'],Q317937,,,Q3424719,Q10610388,,,,https://db.simssa.ca/files/736,,,,[7.0],,,
394,['Quant vous me ferez'],Q317937,,,Q3424719,Q10610388,,,,https://db.simssa.ca/files/737,,,,[2.0],,,
395,['A vous sans aultre'],Q317937,,,Q3424719,Q10610388,,,,https://db.simssa.ca/files/738,,,,[2.0],,,
396,['Ma vostre cueur'],Q317937,,,Q3424719,Q10610388,,,,https://db.simssa.ca/files/739,,,,[2.0],,,
397,['Cest vous en qui jay esperance'],Q317937,,,Q3424719,Q10610388,,,,https://db.simssa.ca/files/740,,,,[2.0],,,
398,['Bone chere'],Q317937,,,Q3424719,Q10610388,,,,https://db.simssa.ca/files/741,,,,[7.0],,,
399,['Je mesbais de vous'],Q317937,,,Q3424719,Q10610388,,,,https://db.simssa.ca/files/742,,,,[5.0],,,
400,['Mon seul et cele souvenir'],Q317937,,,Q3424719,Q10610388,,,,https://db.simssa.ca/files/743,,,,[7.0],,,
401,['Mon mignault  Gracieuse plaisante muniere'],Q317937,,,Q3424719,Q10610388,,,,https://db.simssa.ca/files/744,,,,[7.0],,,
402,['Resjois toy terre de France  Rex pacificus'],Q317937,,,Q3424719,Q10610388,,,,https://db.simssa.ca/files/745,,,,[7.0],,,
403,['Cest bien malheur'],Q317937,,,Q3424719,Q10610388,,,,https://db.simssa.ca/files/746,,,,[9.0],,,
404,['Estil merchy'],Q317937,,,Q3424719,Q10610388,,,,https://db.simssa.ca/files/747,,,,[7.0],,,
405,['Ma demoiselle ma maistresse'],Q317937,,,Q3424719,Q10610388,,,,https://db.simssa.ca/files/748,,,,[9.0],,,
406,['Au gre de mes ieulx'],Q317937,,,Q3424719,Q10610388,,,,https://db.simssa.ca/files/749,,,,[5.0],,,
407,['Lautrier la pieca'],Q317937,,,Q3424719,Q10610388,,,,https://db.simssa.ca/files/750,,,,[2.0],,,
408,['Maintes femmes'],Q317937,,,Q3424719,Q10610388,,,,https://db.simssa.ca/files/751,,,,[2.0],,,
409,['Missa Io mi son giovinetta (1570)'],Q179277,http://viaf.org/viaf/92280854,92280854.0,Q3424719,,,,,,,,,,,,
410,['Missa Ad coenam Agni'],Q179277,http://viaf.org/viaf/92280854,92280854.0,Q3424719,,,,,,,,,,,,
411,['Missa Sacerdos et pontifex'],Q179277,http://viaf.org/viaf/92280854,92280854.0,Q3424719,,,,,,,,,,,,
412,Q2717291,Q179277,http://viaf.org/viaf/92280854,92280854.0,Q3424719,,,,,,,,,,,,
413,['Missa Aspice Domine'],Q179277,http://viaf.org/viaf/92280854,92280854.0,Q3424719,,,,,,,,,,,,
414,['Missa Ut re mi fa sol la'],Q179277,http://viaf.org/viaf/92280854,92280854.0,Q3424719,,,,,,,,,,,,
415,['Missa Beatus Laurentius'],Q179277,http://viaf.org/viaf/92280854,92280854.0,Q3424719,,,,,,,,,,,,
416,['Missa Je suis desheritee'],Q179277,http://viaf.org/viaf/92280854,92280854.0,Q3424719,,,,,,,,,,,,
417,"[""Missa Qual e il piu grande'amore""]",Q179277,http://viaf.org/viaf/92280854,92280854.0,Q3424719,,,,,,,,,,,,
418,['Missa Regina coeli (1601)'],Q179277,http://viaf.org/viaf/92280854,92280854.0,Q3424719,,,,,,,,,,,,
419,['Missa Eripe me de inimicis'],Q179277,http://viaf.org/viaf/92280854,92280854.0,Q3424719,,,,,,,,,,,,
420,['Missa Illumina oculos meos'],Q179277,http://viaf.org/viaf/92280854,92280854.0,Q3424719,,,,,,,,,,,,
421,['Missa Ave regina coelorum'],Q179277,http://viaf.org/viaf/92280854,92280854.0,Q3424719,,,,,,,,,,,,
422,['Missa O virgo simul et mater'],Q179277,http://viaf.org/viaf/92280854,92280854.0,Q3424719,,,,,,,,,,,,
423,['Missa Vestiva i colli'],Q179277,http://viaf.org/viaf/92280854,92280854.0,Q3424719,,,,,,,,,,,,
424,['Missa Alma Redemptoris mater'],Q179277,http://viaf.org/viaf/92280854,92280854.0,Q3424719,,,,,,,,,,,,
425,['Missa Lauda Sion'],Q179277,http://viaf.org/viaf/92280854,92280854.0,Q3424719,,,,,,,,,,,,
426,['Missa Brevis'],Q179277,http://viaf.org/viaf/92280854,92280854.0,Q3424719,,,,,,,,,,,,
427,['Missa Te Deum laudamus'],Q179277,http://viaf.org/viaf/92280854,92280854.0,Q3424719,,,,,,,,,,,,
428,['Missa Pro Defunctis'],Q179277,http://viaf.org/viaf/92280854,92280854.0,Q3424719,,,,,,,,,,,,
429,['Missa Ascendo ad Patrem'],Q179277,http://viaf.org/viaf/92280854,92280854.0,Q3424719,,,,,,,,,,,,
430,['Missa Regina coeli (1600)'],Q179277,http://viaf.org/viaf/92280854,92280854.0,Q3424719,,,,,,,,,,,,
431,['Missa De beata virgine (1567)'],Q179277,http://viaf.org/viaf/92280854,92280854.0,Q3424719,,,,,,,,,,,,
432,['Missa Viri Galilaei'],Q179277,http://viaf.org/viaf/92280854,92280854.0,Q3424719,,,,,,,,,,,,
433,['Missa Nigra sum'],Q179277,http://viaf.org/viaf/92280854,92280854.0,Q3424719,,,,,,,,,,,,
434,['Missa In minoribus duplicibus'],Q179277,http://viaf.org/viaf/92280854,92280854.0,Q3424719,,,,,,,,,,,,
435,['Missa De Beata Marie Virginis (II)'],Q179277,http://viaf.org/viaf/92280854,92280854.0,Q3424719,,,,,,,,,,,,
436,['Missa In semiduplx majx (I)'],Q179277,http://viaf.org/viaf/92280854,92280854.0,Q3424719,,,,,,,,,,,,
437,['Missa Tu es pastor ovium'],Q179277,http://viaf.org/viaf/92280854,92280854.0,Q3424719,,,,,,,,,,,,
438,['Missa Quando lieta sperai'],Q179277,http://viaf.org/viaf/92280854,92280854.0,Q3424719,,,,,,,,,,,,
439,['Missa In te Domine speravi (1599)'],Q179277,http://viaf.org/viaf/92280854,92280854.0,Q3424719,,,,,,,,,,,,
440,['Missa Petra sancta'],Q179277,http://viaf.org/viaf/92280854,92280854.0,Q3424719,,,,,,,,,,,,
441,['Missa Benedicta es'],Q179277,http://viaf.org/viaf/92280854,92280854.0,Q3424719,,,,,,,,,,,,
442,['Missa Veni Sancte Spiritus'],Q179277,http://viaf.org/viaf/92280854,92280854.0,Q3424719,,,,,,,,,,,,
443,['Missa Ecce ego Joannes'],Q179277,http://viaf.org/viaf/92280854,92280854.0,Q3424719,,,,,,,,,,,,
444,['Missa In te Domine speravi (1593-4)'],Q179277,http://viaf.org/viaf/92280854,92280854.0,Q3424719,,,,,,,,,,,,
445,['Missa Octavi toni'],Q179277,http://viaf.org/viaf/92280854,92280854.0,Q3424719,,,,,,,,,,,,
446,['Missa Nasce la gioia mia'],Q179277,http://viaf.org/viaf/92280854,92280854.0,Q3424719,,,,,,,,,,,,
447,['Missa Quam pulchra es'],Q179277,http://viaf.org/viaf/92280854,92280854.0,Q3424719,,,,,,,,,,,,
448,['Missa Jesu Nostra Redemptio'],Q179277,http://viaf.org/viaf/92280854,92280854.0,Q3424719,,,,,,,,,,,,
449,['Missa Emendemus in melius'],Q179277,http://viaf.org/viaf/92280854,92280854.0,Q3424719,,,,,,,,,,,,
450,['Missa O Regem coeli'],Q179277,http://viaf.org/viaf/92280854,92280854.0,Q3424719,,,,,,,,,,,,
451,['Missa Panem nostrum'],Q179277,http://viaf.org/viaf/92280854,92280854.0,Q3424719,,,,,,,,,,,,
452,['Missa Salvum me fac'],Q179277,http://viaf.org/viaf/92280854,92280854.0,Q3424719,,,,,,,,,,,,
453,['Missa Sine nomine (1591)'],Q179277,http://viaf.org/viaf/92280854,92280854.0,Q3424719,,,,,,,,,,,,
454,['Missa Tu es Petrus (1601)'],Q179277,http://viaf.org/viaf/92280854,92280854.0,Q3424719,,,,,,,,,,,,
455,['Missa In festis Apostolorum (II)'],Q179277,http://viaf.org/viaf/92280854,92280854.0,Q3424719,,,,,,,,,,,,
456,['Missa Jam Christus astra ascenderat'],Q179277,http://viaf.org/viaf/92280854,92280854.0,Q3424719,,,,,,,,,,,,
457,['Missa Spem In Alium'],Q179277,http://viaf.org/viaf/92280854,92280854.0,Q3424719,,,,,,,,,,,,
458,['Missa In duplicibus minoribus (I)'],Q179277,http://viaf.org/viaf/92280854,92280854.0,Q3424719,,,,,,,,,,,,
459,['Missa In majoribus duplicibus'],Q179277,http://viaf.org/viaf/92280854,92280854.0,Q3424719,,,,,,,,,,,,
460,['Missa Sine nomine (1567)'],Q179277,http://viaf.org/viaf/92280854,92280854.0,Q3424719,,,,,,,,,,,,
461,['Missa Laudate Dominum'],Q179277,http://viaf.org/viaf/92280854,92280854.0,Q3424719,,,,,,,,,,,,
462,['Missa O Rex gloriae'],Q179277,http://viaf.org/viaf/92280854,92280854.0,Q3424719,,,,,,,,,,,,
463,['Missa In semiduplx majx (II)'],Q179277,http://viaf.org/viaf/92280854,92280854.0,Q3424719,,,,,,,,,,,,
464,['Missa Inviolata'],Q179277,http://viaf.org/viaf/92280854,92280854.0,Q3424719,,,,,,,,,,,,
465,"[""Missa L'homme arme (1582)""]",Q179277,http://viaf.org/viaf/92280854,92280854.0,Q3424719,,,,,,,,,,,,
466,['Missa Quem dicunt homines'],Q179277,http://viaf.org/viaf/92280854,92280854.0,Q3424719,,,,,,,,,,,,
467,['Missa Iste confessor'],Q179277,http://viaf.org/viaf/92280854,92280854.0,Q3424719,,,,,,,,,,,,
468,['Missa Hodie Christus Natus Est'],Q179277,http://viaf.org/viaf/92280854,92280854.0,Q3424719,,,,,,,,,,,,
469,['Missa Dies sanctificatus'],Q179277,http://viaf.org/viaf/92280854,92280854.0,Q3424719,,,,,,,,,,,,
470,['Missa Salve regina'],Q179277,http://viaf.org/viaf/92280854,92280854.0,Q3424719,,,,,,,,,,,,
471,['Missa Sicut lilium inter spinas'],Q179277,http://viaf.org/viaf/92280854,92280854.0,Q3424719,,,,,,,,,,,,
472,['Missa Assumpta est Maria'],Q179277,http://viaf.org/viaf/92280854,92280854.0,Q3424719,,,,,,,,,,,,
473,['Missa Virtute magna'],Q179277,http://viaf.org/viaf/92280854,92280854.0,Q3424719,,,,,,,,,,,,
474,['Missa In illo tempore'],Q179277,http://viaf.org/viaf/92280854,92280854.0,Q3424719,,,,,,,,,,,,
475,['Missa Sacerdotes Domini'],Q179277,http://viaf.org/viaf/92280854,92280854.0,Q3424719,,,,,,,,,,,,
476,['Missa Dilexi quoniam'],Q179277,http://viaf.org/viaf/92280854,92280854.0,Q3424719,,,,,,,,,,,,
477,['Missa Ave Maria (1594)'],Q179277,http://viaf.org/viaf/92280854,92280854.0,Q3424719,,,,,,,,,,,,
478,['Missa In duplicibus minoribus (II)'],Q179277,http://viaf.org/viaf/92280854,92280854.0,Q3424719,,,,,,,,,,,,
479,['Missa Primi toni'],Q179277,http://viaf.org/viaf/92280854,92280854.0,Q3424719,,,,,,,,,,,,
480,['Missa Repleatur os meum laude'],Q179277,http://viaf.org/viaf/92280854,92280854.0,Q3424719,,,,,,,,,,,,
481,['Missa Tu es Petrus (1887)'],Q179277,http://viaf.org/viaf/92280854,92280854.0,Q3424719,,,,,,,,,,,,
482,['Missa Gabriel Archangelus'],Q179277,http://viaf.org/viaf/92280854,92280854.0,Q3424719,,,,,,,,,,,,
483,['Missa Dum esset summus pontifex'],Q179277,http://viaf.org/viaf/92280854,92280854.0,Q3424719,,,,,,,,,,,,
484,['Missa In festis Apostolorum (I)'],Q179277,http://viaf.org/viaf/92280854,92280854.0,Q3424719,,,,,,,,,,,,
485,['Missa De Beata Marie Virginis (III)'],Q179277,http://viaf.org/viaf/92280854,92280854.0,Q3424719,,,,,,,,,,,,
486,['Missa Memor esto'],Q179277,http://viaf.org/viaf/92280854,92280854.0,Q3424719,,,,,,,,,,,,
487,['Missa Fratres Ego Enim Accepi'],Q179277,http://viaf.org/viaf/92280854,92280854.0,Q3424719,,,,,,,,,,,,
488,['Missa Quinti toni'],Q179277,http://viaf.org/viaf/92280854,92280854.0,Q3424719,,,,,,,,,,,,
489,['Missa Dum complerentur'],Q179277,http://viaf.org/viaf/92280854,92280854.0,Q3424719,,,,,,,,,,,,
490,['Missa O sacrum convivium'],Q179277,http://viaf.org/viaf/92280854,92280854.0,Q3424719,,,,,,,,,,,,
491,['Missa De beata virgine (1570)'],Q179277,http://viaf.org/viaf/92280854,92280854.0,Q3424719,,,,,,,,,,,,
492,"[""Missa Gia fu chi m'ebbe cara""]",Q179277,http://viaf.org/viaf/92280854,92280854.0,Q3424719,,,,,,,,,,,,
493,['Missa Descendit angelus Domini'],Q179277,http://viaf.org/viaf/92280854,92280854.0,Q3424719,,,,,,,,,,,,
494,['Missa De Beata Marie Virginis (I)'],Q179277,http://viaf.org/viaf/92280854,92280854.0,Q3424719,,,,,,,,,,,,
495,['Missa Sine nomine (1599)'],Q179277,http://viaf.org/viaf/92280854,92280854.0,Q3424719,,,,,,,,,,,,
496,['Missa Aeterna Christi munera'],Q179277,http://viaf.org/viaf/92280854,92280854.0,Q3424719,,,,,,,,,,,,
497,['Missa Ecce sacerdos magnus'],Q179277,http://viaf.org/viaf/92280854,92280854.0,Q3424719,,,,,,,,,,,,
498,['Missa O admirabile commercium'],Q179277,http://viaf.org/viaf/92280854,92280854.0,Q3424719,,,,,,,,,,,,
499,['Missa Pater noster'],Q179277,http://viaf.org/viaf/92280854,92280854.0,Q3424719,,,,,,,,,,,,
500,"[""Missa L'homme arme (1570)""]",Q179277,http://viaf.org/viaf/92280854,92280854.0,Q3424719,,,,,,,,,,,,
501,['Missa Sanctorum meritis'],Q179277,http://viaf.org/viaf/92280854,92280854.0,Q3424719,,,,,,,,,,,,
502,['Missa Sine nomine (Mantuan)'],Q179277,http://viaf.org/viaf/92280854,92280854.0,Q3424719,,,,,,,,,,,,
503,['Missa O magnum mysterium'],Q179277,http://viaf.org/viaf/92280854,92280854.0,Q3424719,,,,,,,,,,,,
504,['Missa Confitebor tibi'],Q179277,http://viaf.org/viaf/92280854,92280854.0,Q3424719,,,,,,,,,,,,
505,['Missa Ad fugam'],Q179277,http://viaf.org/viaf/92280854,92280854.0,Q3424719,,,,,,,,,,,,
506,['Missa Panis quem ego dabo'],Q179277,http://viaf.org/viaf/92280854,92280854.0,Q3424719,,,,,,,,,,,,
507,['Missa Veni creator Spiritus'],Q179277,http://viaf.org/viaf/92280854,92280854.0,Q3424719,,,,,,,,,,,,
508,['Missa Ave Maria (1596)'],Q179277,http://viaf.org/viaf/92280854,92280854.0,Q3424719,,,,,,,,,,,,
509,['Missa De feria'],Q179277,http://viaf.org/viaf/92280854,92280854.0,Q3424719,,,,,,,,,,,,
510,['Perfunde celi rore'],Q2202999,http://viaf.org/viaf/66661850,66661850.0,Q3424719,Q10610388,,,,https://db.simssa.ca/files/1452,,,,[7.0],,,
511,['Benedictus dominus deus meus'],Q2202999,http://viaf.org/viaf/66661850,66661850.0,Q3424719,Q10610388,,,,https://db.simssa.ca/files/1453,,,,[5.0],,,
512,['Deus in nomine tuo'],Q2202999,http://viaf.org/viaf/66661850,66661850.0,Q3424719,Q10610388,,,,https://db.simssa.ca/files/1454,,,,[7.0],,,
513,['Missa In feuers hitz'],Q2202999,http://viaf.org/viaf/66661850,66661850.0,Q3424719,,,,,,,,,,,,
514,['Ave maris stella'],Q2202999,http://viaf.org/viaf/66661850,66661850.0,Q3424719,Q10610388,,,,https://db.simssa.ca/files/1456,,,,[2.0],,,
515,Q116266773,Q2202999,http://viaf.org/viaf/66661850,66661850.0,Q3424719,Q10610388,,,,https://db.simssa.ca/files/1457,,,,[9.0],,,
516,Q12898880,Q2202999,http://viaf.org/viaf/66661850,66661850.0,Q3424719,Q10610388,,,,https://db.simssa.ca/files/1458,,,,[2.0],,,
517,['Le pouverte'],Q2202999,http://viaf.org/viaf/66661850,66661850.0,Q3424719,Q10610388,,,,https://db.simssa.ca/files/1459,,,,[7.0],,,
518,['Fuga ad quatuor'],Q2202999,http://viaf.org/viaf/66661850,66661850.0,Q3424719,Q10610388,,,,https://db.simssa.ca/files/1460,,,,[5.0],,,
519,['Missa Dio te salvi Gotterello'],Q2202999,http://viaf.org/viaf/66661850,66661850.0,Q3424719,,,,,,,,,,,,
520,['Da pacem domine'],Q2202999,http://viaf.org/viaf/66661850,66661850.0,Q3424719,Q10610388,,,,https://db.simssa.ca/files/1463,,,,[7.0],,,
521,['Domine non secundum'],Q2202999,http://viaf.org/viaf/66661850,66661850.0,Q3424719,Q10610388,,,,https://db.simssa.ca/files/1464,,,,[2.0],,,
522,['Exultet celum laudibus'],Q2202999,http://viaf.org/viaf/66661850,66661850.0,Q3424719,Q10610388,,,,https://db.simssa.ca/files/1465,,,,[4.0],,,
523,['Biaulx parle tousjours'],Q2202999,http://viaf.org/viaf/66661850,66661850.0,Q3424719,Q10610388,,,,https://db.simssa.ca/files/1466,,,,[7.0],,,
524,['Missa Cucu'],Q2202999,http://viaf.org/viaf/66661850,66661850.0,Q3424719,,,,,,,,,,,,
525,['Je remerchi dieu'],Q2202999,http://viaf.org/viaf/66661850,66661850.0,Q3424719,Q10610388,,,,https://db.simssa.ca/files/1469,,,,[0.0],,,
526,['Textless I Fa mi re ut re'],Q2202999,http://viaf.org/viaf/66661850,66661850.0,Q3424719,Q10610388,,,,https://db.simssa.ca/files/1470,,,,[0.0],,,
527,['Beati omnes'],Q2202999,http://viaf.org/viaf/66661850,66661850.0,Q3424719,Q10610388,,,,https://db.simssa.ca/files/1471,,,,[9.0],,,
528,['Super flumina Babilonis'],Q2202999,http://viaf.org/viaf/66661850,66661850.0,Q3424719,Q10610388,,,,https://db.simssa.ca/files/1472,,,,[0.0],,,
529,['Memento domine David'],Q2202999,http://viaf.org/viaf/66661850,66661850.0,Q3424719,Q10610388,,,,https://db.simssa.ca/files/1473,,,,[5.0],,,
530,['Missa Ma bouche rit'],Q2202999,http://viaf.org/viaf/66661850,66661850.0,Q3424719,,,,,,,,,,,,
531,['Fault il que heur soye'],Q2202999,http://viaf.org/viaf/66661850,66661850.0,Q3424719,Q10610388,,,,https://db.simssa.ca/files/1475,,,,[7.0],,,
532,['Missa Cela sans plus'],Q2202999,http://viaf.org/viaf/66661850,66661850.0,Q3424719,,,,,,,,,,,,
533,['Salve regina'],Q2202999,http://viaf.org/viaf/66661850,66661850.0,Q3424719,Q10610388,,,,https://db.simssa.ca/files/1480,,,,[7.0],,,
534,['La fleur de biaulte'],Q2202999,http://viaf.org/viaf/66661850,66661850.0,Q3424719,Q10610388,,,,https://db.simssa.ca/files/1481,,,,[7.0],,,
535,['Domine clamavi ad te'],Q2202999,http://viaf.org/viaf/66661850,66661850.0,Q3424719,Q10610388,,,,https://db.simssa.ca/files/1482,,,,[0.0],,,
536,['O intemerata'],Q2202999,http://viaf.org/viaf/66661850,66661850.0,Q3424719,Q10610388,,,,https://db.simssa.ca/files/1483,,,,[0.0],,,
537,['Ave decus virginale'],Q2202999,http://viaf.org/viaf/66661850,66661850.0,Q3424719,Q10610388,,,,https://db.simssa.ca/files/1484,,,,[7.0],,,
538,['Jesu corona virginum'],Q2202999,http://viaf.org/viaf/66661850,66661850.0,Q3424719,Q10610388,,,,https://db.simssa.ca/files/1486,,,,[2.0],,,
539,['Letatus sum'],Q2202999,http://viaf.org/viaf/66661850,66661850.0,Q3424719,Q10610388,,,,https://db.simssa.ca/files/1488,,,,[7.0],,,
540,['Il est tel'],Q2202999,http://viaf.org/viaf/66661850,66661850.0,Q3424719,Q10610388,,,,https://db.simssa.ca/files/1489,,,,[0.0],,,
541,['Ecce quam bonum'],Q2202999,http://viaf.org/viaf/66661850,66661850.0,Q3424719,Q10610388,,,,https://db.simssa.ca/files/1491,,,,[9.0],,,
542,['Domini est terra'],Q2202999,http://viaf.org/viaf/66661850,66661850.0,Q3424719,Q10610388,,,,https://db.simssa.ca/files/1493,,,,[11.0],,,
543,['Exaltabo te (a 2)'],Q2202999,http://viaf.org/viaf/66661850,66661850.0,Q3424719,Q10610388,,,,https://db.simssa.ca/files/1494,,,,[0.0],,,
544,['De la bonne chiere'],Q2202999,http://viaf.org/viaf/66661850,66661850.0,Q3424719,Q10610388,,,,https://db.simssa.ca/files/1495,,,,[2.0],,,
545,['Levavi oculos meos'],Q2202999,http://viaf.org/viaf/66661850,66661850.0,Q3424719,Q10610388,,,,https://db.simssa.ca/files/1496,,,,[9.0],,,
546,['Fortuna desperata'],Q2202999,http://viaf.org/viaf/66661850,66661850.0,Q3424719,Q10610388,,,,https://db.simssa.ca/files/1497,,,,[5.0],,,
547,['Tibi Christe'],Q2202999,http://viaf.org/viaf/66661850,66661850.0,Q3424719,Q10610388,,,,https://db.simssa.ca/files/1498,,,,[4.0],,,
548,['Missa Ferialis'],Q2202999,http://viaf.org/viaf/66661850,66661850.0,Q3424719,,,,,,,,,,,,
549,['Qui confidunt'],Q2202999,http://viaf.org/viaf/66661850,66661850.0,Q3424719,Q10610388,,,,https://db.simssa.ca/files/1501,,,,[0.0],,,
550,['Festum nunc celebre'],Q2202999,http://viaf.org/viaf/66661850,66661850.0,Q3424719,Q10610388,,,,https://db.simssa.ca/files/1502,,,,[7.0],,,
551,['Cum invocarem'],Q2202999,http://viaf.org/viaf/66661850,66661850.0,Q3424719,Q10610388,,,,https://db.simssa.ca/files/1503,,,,[11.0],,,
552,['Confitebimur tibi deus'],Q2202999,http://viaf.org/viaf/66661850,66661850.0,Q3424719,Q10610388,,,,https://db.simssa.ca/files/1505,,,,[5.0],,,
553,['Quare fremuerunt gentes'],Q2202999,http://viaf.org/viaf/66661850,66661850.0,Q3424719,Q10610388,,,,https://db.simssa.ca/files/1506,,,,[4.0],,,
554,['Domine non est exaltatum'],Q2202999,http://viaf.org/viaf/66661850,66661850.0,Q3424719,Q10610388,,,,https://db.simssa.ca/files/1510,,,,[2.0],,,
555,['Jay pris amours II'],Q2202999,http://viaf.org/viaf/66661850,66661850.0,Q3424719,Q10610388,,,,https://db.simssa.ca/files/1511,,,,[2.0],,,
556,['Sanctorum meritis'],Q2202999,http://viaf.org/viaf/66661850,66661850.0,Q3424719,Q10610388,,,,https://db.simssa.ca/files/1512,,,,[4.0],,,
557,['Aures ad nostras'],Q2202999,http://viaf.org/viaf/66661850,66661850.0,Q3424719,Q10610388,,,,https://db.simssa.ca/files/1513,,,,[7.0],,,
558,['Missa La Martinella'],Q2202999,http://viaf.org/viaf/66661850,66661850.0,Q3424719,,,,,,,,,,,,
559,['Deus tuorum militum II'],Q2202999,http://viaf.org/viaf/66661850,66661850.0,Q3424719,Q10610388,,,,https://db.simssa.ca/files/1515,,,,[4.0],,,
560,['Cela sans plus'],Q2202999,http://viaf.org/viaf/66661850,66661850.0,Q3424719,Q10610388,,,,https://db.simssa.ca/files/1516,,,,[7.0],,,
561,['Confitemini domino'],Q2202999,http://viaf.org/viaf/66661850,66661850.0,Q3424719,Q10610388,,,,https://db.simssa.ca/files/1517,,,,[7.0],,,
562,['Fuge la morie'],Q2202999,http://viaf.org/viaf/66661850,66661850.0,Q3424719,Q10610388,,,,https://db.simssa.ca/files/1519,,,,[7.0],,,
563,['Domine quis habitabit'],Q2202999,http://viaf.org/viaf/66661850,66661850.0,Q3424719,Q10610388,,,,https://db.simssa.ca/files/1521,,,,[4.0],,,
564,['Confitebor tibi I'],Q2202999,http://viaf.org/viaf/66661850,66661850.0,Q3424719,Q10610388,,,,https://db.simssa.ca/files/1522,,,,[5.0],,,
565,Q114891212,Q2202999,http://viaf.org/viaf/66661850,66661850.0,Q3424719,Q10610388,,,,https://db.simssa.ca/files/1523,,,,[7.0],,,
566,['Lauda Jerusalem'],Q2202999,http://viaf.org/viaf/66661850,66661850.0,Q3424719,Q10610388,,,,https://db.simssa.ca/files/1524,,,,[9.0],,,
567,['Jespoir mieulx'],Q2202999,http://viaf.org/viaf/66661850,66661850.0,Q3424719,Q10610388,,,,https://db.simssa.ca/files/1526,,,,[9.0],,,
568,['Non per la'],Q2202999,http://viaf.org/viaf/66661850,66661850.0,Q3424719,Q10610388,,,,https://db.simssa.ca/files/1527,,,,[10.0],,,
569,['Missa Coda di pavon'],Q2202999,http://viaf.org/viaf/66661850,66661850.0,Q3424719,,,,,,,,,,,,
570,['Iste confessor'],Q2202999,http://viaf.org/viaf/66661850,66661850.0,Q3424719,Q10610388,,,,https://db.simssa.ca/files/1529,,,,[7.0],,,
571,['In convertendo'],Q2202999,http://viaf.org/viaf/66661850,66661850.0,Q3424719,Q10610388,,,,https://db.simssa.ca/files/1531,,,,[9.0],,,
572,['Confitebor tibi II'],Q2202999,http://viaf.org/viaf/66661850,66661850.0,Q3424719,Q10610388,,,,https://db.simssa.ca/files/1532,,,,[9.0],,,
573,['Ad Dominum cum tribularer'],Q2202999,http://viaf.org/viaf/66661850,66661850.0,Q3424719,Q10610388,,,,https://db.simssa.ca/files/1533,,,,[5.0],,,
574,['O beate Sebastiane'],Q2202999,http://viaf.org/viaf/66661850,66661850.0,Q3424719,Q10610388,,,,https://db.simssa.ca/files/1534,,,,[7.0],,,
575,['Nenciozza mia'],Q2202999,http://viaf.org/viaf/66661850,66661850.0,Q3424719,Q10610388,,,,https://db.simssa.ca/files/1536,,,,[0.0],,,
576,['Nisi quia dominus'],Q2202999,http://viaf.org/viaf/66661850,66661850.0,Q3424719,Q10610388,,,,https://db.simssa.ca/files/1540,,,,[4.0],,,
577,['Beatus vir'],Q2202999,http://viaf.org/viaf/66661850,66661850.0,Q3424719,Q10610388,,,,https://db.simssa.ca/files/1541,,,,[4.0],,,
578,['Eripe me domine'],Q2202999,http://viaf.org/viaf/66661850,66661850.0,Q3424719,Q10610388,,,,https://db.simssa.ca/files/1542,,,,[7.0],,,
579,['De profundis clamavi'],Q2202999,http://viaf.org/viaf/66661850,66661850.0,Q3424719,Q10610388,,,,https://db.simssa.ca/files/1543,,,,[9.0],,,
580,['Vexilla regis'],Q2202999,http://viaf.org/viaf/66661850,66661850.0,Q3424719,Q10610388,,,,https://db.simssa.ca/files/1544,,,,[2.0],,,
581,['Deus tuorum militum I'],Q2202999,http://viaf.org/viaf/66661850,66661850.0,Q3424719,Q10610388,,,,https://db.simssa.ca/files/1546,,,,[4.0],,,
582,['Deus in adjutorium'],Q2202999,http://viaf.org/viaf/66661850,66661850.0,Q3424719,Q10610388,,,,https://db.simssa.ca/files/1547,,,,[7.0],,,
583,['Exaltabo te domine (a 3)'],Q2202999,http://viaf.org/viaf/66661850,66661850.0,Q3424719,Q10610388,,,,https://db.simssa.ca/files/1548,,,,[11.0],,,
584,['Miserere mei deus'],Q2202999,http://viaf.org/viaf/66661850,66661850.0,Q3424719,Q10610388,,,,https://db.simssa.ca/files/1549,,,,[7.0],,,
585,['Benedictus dominus deus Israel'],Q2202999,http://viaf.org/viaf/66661850,66661850.0,Q3424719,Q10610388,,,,https://db.simssa.ca/files/1550,,,,[7.0],,,
586,['Nisi dominus'],Q2202999,http://viaf.org/viaf/66661850,66661850.0,Q3424719,Q10610388,,,,https://db.simssa.ca/files/1551,,,,[9.0],,,
587,['Judica me deus'],Q2202999,http://viaf.org/viaf/66661850,66661850.0,Q3424719,Q10610388,,,,https://db.simssa.ca/files/1552,,,,[7.0],,,
588,['Notus in Judea deus'],Q2202999,http://viaf.org/viaf/66661850,66661850.0,Q3424719,Q10610388,,,,https://db.simssa.ca/files/1554,,,,[9.0],,,
589,['Sepe expugnaverunt me'],Q2202999,http://viaf.org/viaf/66661850,66661850.0,Q3424719,Q10610388,,,,https://db.simssa.ca/files/1555,,,,[4.0],,,
590,['La Martinella'],Q2202999,http://viaf.org/viaf/66661850,66661850.0,Q3424719,Q10610388,,,,https://db.simssa.ca/files/1556,,,,[7.0],,,
591,['Dilexi quoniam'],Q2202999,http://viaf.org/viaf/66661850,66661850.0,Q3424719,Q10610388,,,,https://db.simssa.ca/files/1558,,,,[9.0],,,
592,['Domine exaudi orationem meam'],Q2202999,http://viaf.org/viaf/66661850,66661850.0,Q3424719,Q10610388,,,,https://db.simssa.ca/files/1559,,,,[4.0],,,
593,['Laudate nomen domini'],Q2202999,http://viaf.org/viaf/66661850,66661850.0,Q3424719,Q10610388,,,,https://db.simssa.ca/files/1560,,,,[7.0],,,
594,['Laudate pueri'],Q2202999,http://viaf.org/viaf/66661850,66661850.0,Q3424719,Q10610388,,,,https://db.simssa.ca/files/1561,,,,[5.0],,,
595,['Malheur me bat'],Q2202999,http://viaf.org/viaf/66661850,66661850.0,Q3424719,Q10610388,,,,https://db.simssa.ca/files/1563,,,,[4.0],,,
596,['Laudate dominum quoniam bonus est'],Q2202999,http://viaf.org/viaf/66661850,66661850.0,Q3424719,Q10610388,,,,https://db.simssa.ca/files/1564,,,,[9.0],,,
597,['Credidi propter quod locutus'],Q2202999,http://viaf.org/viaf/66661850,66661850.0,Q3424719,Q10610388,,,,https://db.simssa.ca/files/1566,,,,[0.0],,,
598,['Des biens damours'],Q2202999,http://viaf.org/viaf/66661850,66661850.0,Q3424719,Q10610388,,,,https://db.simssa.ca/files/1567,,,,[2.0],,,
599,['Conserva me domine'],Q2202999,http://viaf.org/viaf/66661850,66661850.0,Q3424719,Q10610388,,,,https://db.simssa.ca/files/1568,,,,[7.0],,,
600,['Dixit dominus'],Q2202999,http://viaf.org/viaf/66661850,66661850.0,Q3424719,Q10610388,,,,https://db.simssa.ca/files/1571,,,,[7.0],,,
601,['Ad te levavi'],Q2202999,http://viaf.org/viaf/66661850,66661850.0,Q3424719,Q10610388,,,,https://db.simssa.ca/files/1572,,,,[0.0],,,
602,['Il est tousjours'],Q2202999,http://viaf.org/viaf/66661850,66661850.0,Q3424719,Q10610388,,,,https://db.simssa.ca/files/1574,,,,[7.0],,,
603,Q116247214,Q2920493,http://viaf.org/viaf/76504834,76504834.0,Q3424719,Q10610388,Q42332,Q27967347,Q2115,https://db.simssa.ca/files/1576,https://db.simssa.ca/files/1577,https://db.simssa.ca/files/1578,https://db.simssa.ca/files/1575,[0.0],,,[0.0]
604,['Si  debile el filo a cui sattiene'],Q2920493,http://viaf.org/viaf/76504834,76504834.0,Q3424719,Q10610388,Q42332,Q27967347,Q2115,https://db.simssa.ca/files/1580,https://db.simssa.ca/files/1581,https://db.simssa.ca/files/1582,https://db.simssa.ca/files/1579,[9.0],,,[9.0]
605,['De perch in odio mhai'],Q2920493,http://viaf.org/viaf/76504834,76504834.0,Q3424719,Q10610388,Q42332,Q27967347,Q2115,https://db.simssa.ca/files/1584,https://db.simssa.ca/files/1585,https://db.simssa.ca/files/1586,https://db.simssa.ca/files/1583,[7.0],,,[7.0]
606,['Son io donna qual mostri ogni tuo bene'],Q2920493,http://viaf.org/viaf/76504834,76504834.0,Q3424719,Q10610388,Q42332,Q27967347,Q2115,https://db.simssa.ca/files/1588,https://db.simssa.ca/files/1589,https://db.simssa.ca/files/1590,https://db.simssa.ca/files/1587,[2.0],,,[2.0]
607,['Son io donna (2) qual mostri ogni tuo bene'],Q2920493,http://viaf.org/viaf/76504834,76504834.0,Q3424719,Q10610388,Q42332,Q27967347,Q2115,https://db.simssa.ca/files/1592,https://db.simssa.ca/files/1593,https://db.simssa.ca/files/1594,https://db.simssa.ca/files/1591,[0.0],,,[0.0]
608,['Nella stagion chel ciel rapido inchina'],Q2920493,http://viaf.org/viaf/76504834,76504834.0,Q3424719,Q10610388,Q42332,Q27967347,Q2115,https://db.simssa.ca/files/1596,https://db.simssa.ca/files/1597,https://db.simssa.ca/files/1598,https://db.simssa.ca/files/1595,[2.0],,,[2.0]
609,Q116266766,Q2920493,http://viaf.org/viaf/76504834,76504834.0,Q3424719,Q10610388,Q42332,Q27967347,Q2115,https://db.simssa.ca/files/1600,https://db.simssa.ca/files/1601,https://db.simssa.ca/files/1602,https://db.simssa.ca/files/1599,[7.0],,,[7.0]
610,['Amore amor quando io speravo'],Q2920493,http://viaf.org/viaf/76504834,76504834.0,Q3424719,Q10610388,Q42332,Q27967347,Q2115,https://db.simssa.ca/files/1604,https://db.simssa.ca/files/1605,https://db.simssa.ca/files/1606,https://db.simssa.ca/files/1603,[4.0],,,[4.0]
611,['Amor se vuoi chi torni al giogho anticho'],Q2920493,http://viaf.org/viaf/76504834,76504834.0,Q3424719,Q10610388,Q42332,Q27967347,Q2115,https://db.simssa.ca/files/1608,https://db.simssa.ca/files/1609,https://db.simssa.ca/files/1610,https://db.simssa.ca/files/1607,[2.0],,,[2.0]
612,['Perch donna non vuoi'],Q2920493,http://viaf.org/viaf/76504834,76504834.0,Q3424719,Q10610388,Q42332,Q27967347,Q2115,https://db.simssa.ca/files/1612,https://db.simssa.ca/files/1613,https://db.simssa.ca/files/1614,https://db.simssa.ca/files/1611,[0.0],,,[0.0]
613,Q116250993,Q2920493,http://viaf.org/viaf/76504834,76504834.0,Q3424719,Q10610388,Q42332,Q27967347,Q2115,https://db.simssa.ca/files/1616,https://db.simssa.ca/files/1617,https://db.simssa.ca/files/1618,https://db.simssa.ca/files/1615,[9.0],,,[9.0]
614,"['Che deggio far che mi consigli Amore? [2, Pisano, F&H]']",Q2920493,http://viaf.org/viaf/76504834,76504834.0,Q3424719,Q10610388,Q42332,Q27967347,Q2115,https://db.simssa.ca/files/1620,https://db.simssa.ca/files/1621,https://db.simssa.ca/files/1622,https://db.simssa.ca/files/1619,[7.0],,,[7.0]
615,['Giamai non veder gli occhi'],Q2920493,http://viaf.org/viaf/76504834,76504834.0,Q3424719,Q10610388,Q42332,Q27967347,Q2115,https://db.simssa.ca/files/1624,https://db.simssa.ca/files/1625,https://db.simssa.ca/files/1626,https://db.simssa.ca/files/1623,[0.0],,,[0.0]
616,['Chi della fede altrui piglia sospecto'],Q2920493,http://viaf.org/viaf/76504834,76504834.0,Q3424719,Q10610388,Q42332,Q27967347,Q2115,https://db.simssa.ca/files/1628,https://db.simssa.ca/files/1629,https://db.simssa.ca/files/1630,https://db.simssa.ca/files/1627,[2.0],,,[2.0]
617,['Cosi nel mio parlare voglio essere aspro'],Q2920493,http://viaf.org/viaf/76504834,76504834.0,Q3424719,Q10610388,Q42332,Q27967347,Q2115,https://db.simssa.ca/files/1632,https://db.simssa.ca/files/1633,https://db.simssa.ca/files/1634,https://db.simssa.ca/files/1631,[4.0],,,[4.0]
618,"[""Tanta piet cor mio talhor m'assale""]",Q2920493,http://viaf.org/viaf/76504834,76504834.0,Q3424719,Q10610388,Q42332,Q27967347,Q2115,https://db.simssa.ca/files/1636,https://db.simssa.ca/files/1637,https://db.simssa.ca/files/1638,https://db.simssa.ca/files/1635,[9.0],,,[7.0]
619,"[""Nuova angioletta sovra l'ale accorta""]",Q2920493,http://viaf.org/viaf/76504834,76504834.0,Q3424719,Q10610388,Q42332,Q27967347,Q2115,https://db.simssa.ca/files/1640,https://db.simssa.ca/files/1641,https://db.simssa.ca/files/1642,https://db.simssa.ca/files/1639,[7.0],,,[7.0]
620,"[""Poich'io parti da cui partir non posso""]",Q2920493,http://viaf.org/viaf/76504834,76504834.0,Q3424719,Q10610388,Q42332,Q27967347,Q2115,https://db.simssa.ca/files/1644,https://db.simssa.ca/files/1645,https://db.simssa.ca/files/1646,https://db.simssa.ca/files/1643,[9.0],,,[9.0]
621,['Hor vedi Amore che giovinetta donna'],Q2920493,http://viaf.org/viaf/76504834,76504834.0,Q3424719,Q10610388,Q42332,Q27967347,Q2115,https://db.simssa.ca/files/1648,https://db.simssa.ca/files/1649,https://db.simssa.ca/files/1650,https://db.simssa.ca/files/1647,[9.0],,,[9.0]
622,Q116266765,Q7442579,http://viaf.org/viaf/32192513,32192513.0,Q3424719,Q10610388,Q42332,Q27967347,Q2115,https://db.simssa.ca/files/1652,https://db.simssa.ca/files/1653,https://db.simssa.ca/files/1654,https://db.simssa.ca/files/1651,[5.0],,,[5.0]
623,['Quando el suave mio fido conforto'],Q7442579,http://viaf.org/viaf/32192513,32192513.0,Q3424719,Q10610388,Q42332,Q27967347,Q2115,https://db.simssa.ca/files/1656,https://db.simssa.ca/files/1657,https://db.simssa.ca/files/1658,https://db.simssa.ca/files/1655,[2.0],,,[2.0]
624,Q116193211,Q7442579,http://viaf.org/viaf/32192513,32192513.0,Q3424719,Q10610388,Q42332,Q27967347,Q2115,https://db.simssa.ca/files/1660,https://db.simssa.ca/files/1661,https://db.simssa.ca/files/1662,https://db.simssa.ca/files/1659,[2.0],,,[2.0]
625,"[""Amor se vuoi ch'io torni al giogho anticho""]",Q7442579,http://viaf.org/viaf/32192513,32192513.0,Q3424719,Q10610388,Q42332,Q27967347,Q2115,https://db.simssa.ca/files/1664,https://db.simssa.ca/files/1665,https://db.simssa.ca/files/1666,https://db.simssa.ca/files/1663,[5.0],,,[5.0]
626,"[""Perch'ai viso d'amor portava insegnia""]",Q7442579,http://viaf.org/viaf/32192513,32192513.0,Q3424719,Q10610388,Q42332,Q27967347,Q2115,https://db.simssa.ca/files/1668,https://db.simssa.ca/files/1669,https://db.simssa.ca/files/1670,https://db.simssa.ca/files/1667,[2.0],,,[2.0]
627,[' passi sparsi  pensier vaghi et pronti'],Q7442579,http://viaf.org/viaf/32192513,32192513.0,Q3424719,Q10610388,Q42332,Q27967347,Q2115,https://db.simssa.ca/files/1672,https://db.simssa.ca/files/1673,https://db.simssa.ca/files/1674,https://db.simssa.ca/files/1671,[9.0],,,[9.0]
628,['Amor quando fioriva mia speme'],Q7442579,http://viaf.org/viaf/32192513,32192513.0,Q3424719,Q10610388,Q42332,Q27967347,Q2115,https://db.simssa.ca/files/1676,https://db.simssa.ca/files/1677,https://db.simssa.ca/files/1678,https://db.simssa.ca/files/1675,[9.0],,,[9.0]
629,"['Quanta mai leggiadria, quanta beliate']",Q809518,http://viaf.org/viaf/51876790,51876790.0,Q3424719,Q10610388,Q42332,Q27967347,Q2115,https://db.simssa.ca/files/1680,https://db.simssa.ca/files/1681,https://db.simssa.ca/files/1682,https://db.simssa.ca/files/1679,[4.0],,,[4.0]
630,['Fralle infelice vivo pi felice'],Q4233718,,,Q3424719,Q10610388,Q42332,Q27967347,Q2115,https://db.simssa.ca/files/1684,https://db.simssa.ca/files/1685,https://db.simssa.ca/files/1686,https://db.simssa.ca/files/1683,[9.0],,,[9.0]
631,"[""S'il dixi mai ch'i vengha in odio a quella""]",Q4233718,,,Q3424719,Q10610388,Q42332,Q27967347,Q2115,https://db.simssa.ca/files/1688,https://db.simssa.ca/files/1689,https://db.simssa.ca/files/1690,https://db.simssa.ca/files/1687,[2.0],,,[2.0]
632,"[""Quel foco ch'io pensai che fussi spento""]",Q4233718,,,Q3424719,Q10610388,Q42332,Q27967347,Q2115,https://db.simssa.ca/files/1692,https://db.simssa.ca/files/1693,https://db.simssa.ca/files/1694,https://db.simssa.ca/files/1691,[0.0],,,[0.0]
633,"[""So ben che lei non sa quanto chi l'amo""]",Q3856752,http://viaf.org/viaf/22328346,22328346.0,Q3424719,Q10610388,Q42332,Q27967347,Q2115,https://db.simssa.ca/files/1696,https://db.simssa.ca/files/1697,https://db.simssa.ca/files/1698,https://db.simssa.ca/files/1695,[9.0],,,[9.0]
634,['Quando lo pomo vien da lo pomaro'],Q809518,http://viaf.org/viaf/51876790,51876790.0,Q3424719,Q10610388,Q42332,Q27967347,Q2115,https://db.simssa.ca/files/1700,https://db.simssa.ca/files/1701,https://db.simssa.ca/files/1702,https://db.simssa.ca/files/1699,[9.0],,,[9.0]
635,[' Dio che la brunetta mia'],Q3856752,http://viaf.org/viaf/22328346,22328346.0,Q3424719,Q10610388,Q42332,Q27967347,Q2115,https://db.simssa.ca/files/1704,https://db.simssa.ca/files/1705,https://db.simssa.ca/files/1706,https://db.simssa.ca/files/1703,[7.0],,,[7.0]
636,Q116193308,Q316668,http://viaf.org/viaf/34643473,34643473.0,Q3424719,Q10610388,Q42332,Q27967347,Q2115,https://db.simssa.ca/files/1708,https://db.simssa.ca/files/1709,https://db.simssa.ca/files/1710,https://db.simssa.ca/files/1707,[0.0],,,[0.0]
637,Q116193313,Q975576,http://viaf.org/viaf/14957872,14957872.0,Q3424719,Q10610388,Q42332,Q27967347,Q2115,https://db.simssa.ca/files/1712,https://db.simssa.ca/files/1713,https://db.simssa.ca/files/1714,https://db.simssa.ca/files/1711,[7.0],,,[7.0]
638,"['Che debbio far che mi consigli Amore? [3, Tromboncino, F&H]']",Q809518,http://viaf.org/viaf/51876790,51876790.0,Q3424719,Q10610388,Q42332,Q27967347,Q2115,https://db.simssa.ca/files/1716,https://db.simssa.ca/files/1717,https://db.simssa.ca/files/1718,https://db.simssa.ca/files/1715,[5.0],,,[5.0]
639,Q116193319,Q311629,http://viaf.org/viaf/111839700,111839700.0,Q3424719,Q10610388,Q42332,Q27967347,Q2115,https://db.simssa.ca/files/1720,https://db.simssa.ca/files/1721,https://db.simssa.ca/files/1722,https://db.simssa.ca/files/1719,[0.0],,,[0.0]
640,Q116193325,Q143100,http://viaf.org/viaf/100226284,100226284.0,Q3424719,Q10610388,Q42332,Q27967347,Q2115,https://db.simssa.ca/files/1724,https://db.simssa.ca/files/1725,https://db.simssa.ca/files/1726,https://db.simssa.ca/files/1723,[2.0],,,[2.0]
641,"[""[Zibaldone] C.: Fortuna disperata; .: Vidi la forosetta in un boschetto; T.: Voi m'havete svergogni; B.: Fortuna - mangio biscotti""]",Q4233718,,,Q3424719,Q10610388,Q42332,Q27967347,Q2115,https://db.simssa.ca/files/1728,https://db.simssa.ca/files/1729,https://db.simssa.ca/files/1730,https://db.simssa.ca/files/1727,[5.0],,,[5.0]
642,"[""J'am pris amours; [Zibaldone] C., ., T. Musicola B.: Ma buce rit""]",Q4233718,,,Q3424719,Q10610388,Q42332,Q27967347,Q2115,https://db.simssa.ca/files/1732,https://db.simssa.ca/files/1733,https://db.simssa.ca/files/1734,https://db.simssa.ca/files/1731,[9.0],,,[9.0]
643,"[""[Zibaldone] C. : Donna tu pure invecchi .: Diventer zenzaro T.: Ogniun fughi et pigli scampo; B: Dall'armata delle dee""]",Q4233718,,,Q3424719,Q10610388,Q42332,Q27967347,Q2115,https://db.simssa.ca/files/1736,https://db.simssa.ca/files/1737,https://db.simssa.ca/files/1738,https://db.simssa.ca/files/1735,[0.0],,,[0.0]
644,['Donne venite al ballo [T]'],Q3750431,http://viaf.org/viaf/100224571,100224571.0,Q3424719,Q10610388,Q42332,Q27967347,Q2115,https://db.simssa.ca/files/1740,https://db.simssa.ca/files/1741,https://db.simssa.ca/files/1742,https://db.simssa.ca/files/1739,[2.0],,,[2.0]
645,['Un cavalier di Spagnia [T]; Cavalcha per la via'],Q3750431,http://viaf.org/viaf/100224571,100224571.0,Q3424719,Q10610388,Q42332,Q27967347,Q2115,https://db.simssa.ca/files/1744,https://db.simssa.ca/files/1745,https://db.simssa.ca/files/1746,https://db.simssa.ca/files/1743,[7.0],,,[7.0]
646,"[""L'ultimo di di maggio [T]; Un bel mattino""]",Q7442579,http://viaf.org/viaf/32192513,32192513.0,Q3424719,Q10610388,Q42332,Q27967347,Q2115,https://db.simssa.ca/files/1748,https://db.simssa.ca/files/1749,https://db.simssa.ca/files/1750,https://db.simssa.ca/files/1747,[5.0],,,[5.0]
647,['Vaghe le montanine pasturelle '],Q4233718,,,Q3424719,Q10610388,Q42332,Q27967347,Q2115,https://db.simssa.ca/files/1752,https://db.simssa.ca/files/1753,https://db.simssa.ca/files/1754,https://db.simssa.ca/files/1751,[0.0],,,[0.0]
648,['Solingho et vagho augello '],Q4233718,,,Q3424719,Q10610388,Q42332,Q27967347,Q2115,https://db.simssa.ca/files/1756,https://db.simssa.ca/files/1757,https://db.simssa.ca/files/1758,https://db.simssa.ca/files/1755,[0.0],,,[0.0]
649,['Entr je suis en gran pensier '],Q143100,http://viaf.org/viaf/100226284,100226284.0,Q3424719,Q10610388,Q42332,Q27967347,Q2115,https://db.simssa.ca/files/1760,https://db.simssa.ca/files/1761,https://db.simssa.ca/files/1762,https://db.simssa.ca/files/1759,[7.0],,,[7.0]
650,['Tant ravy suis en la bont '],Q4233718,,,Q3424719,Q10610388,Q42332,Q27967347,Q2115,https://db.simssa.ca/files/1764,https://db.simssa.ca/files/1765,https://db.simssa.ca/files/1766,https://db.simssa.ca/files/1763,[9.0],,,[9.0]
651,['Amoreuse mi fault estre '],Q4233718,,,Q3424719,Q10610388,Q42332,Q27967347,Q2115,https://db.simssa.ca/files/1768,https://db.simssa.ca/files/1769,https://db.simssa.ca/files/1770,https://db.simssa.ca/files/1767,[7.0],,,[7.0]
652,['Jouly mariner passe mon sene '],Q4233718,,,Q3424719,Q10610388,Q42332,Q27967347,Q2115,https://db.simssa.ca/files/1772,https://db.simssa.ca/files/1773,https://db.simssa.ca/files/1774,https://db.simssa.ca/files/1771,[5.0],,,[5.0]
653,"[""Notre chambrier sy malad'estet ""]",Q7039099,http://viaf.org/viaf/301999266,301999266.0,Q3424719,Q10610388,Q42332,Q27967347,Q2115,https://db.simssa.ca/files/1776,https://db.simssa.ca/files/1777,https://db.simssa.ca/files/1778,https://db.simssa.ca/files/1775,[5.0],,,[5.0]
654,Q116215612,Q15973951,http://viaf.org/viaf/87544497,87544497.0,Q3424719,Q10610388,Q42332,Q27967347,Q2115,https://db.simssa.ca/files/1780,https://db.simssa.ca/files/1781,https://db.simssa.ca/files/1782,https://db.simssa.ca/files/1779,[7.0],,,[7.0]
655,"[""Se j'ay perdu mon amy ""]",Q143100,http://viaf.org/viaf/100226284,100226284.0,Q3424719,Q10610388,Q42332,Q27967347,Q2115,https://db.simssa.ca/files/1784,https://db.simssa.ca/files/1785,https://db.simssa.ca/files/1786,https://db.simssa.ca/files/1783,[7.0],,,[7.0]
656,Q116215636,Q7039099,http://viaf.org/viaf/301999266,301999266.0,Q3424719,Q10610388,Q42332,Q27967347,Q2115,https://db.simssa.ca/files/1788,https://db.simssa.ca/files/1789,https://db.simssa.ca/files/1790,https://db.simssa.ca/files/1787,[0.0],,,[0.0]
657,"[""En l'ombre da ung bepin ""]",Q7039099,http://viaf.org/viaf/301999266,301999266.0,Q3424719,Q10610388,Q42332,Q27967347,Q2115,https://db.simssa.ca/files/1792,https://db.simssa.ca/files/1793,https://db.simssa.ca/files/1794,https://db.simssa.ca/files/1791,[7.0],,,[7.0]
658,['Trs dolce filette '],Q4233718,,,Q3424719,Q10610388,Q42332,Q27967347,Q2115,https://db.simssa.ca/files/1796,https://db.simssa.ca/files/1797,https://db.simssa.ca/files/1798,https://db.simssa.ca/files/1795,[7.0],,,
659,Q116215654,Q15973951,http://viaf.org/viaf/87544497,87544497.0,Q3424719,Q10610388,Q42332,Q27967347,Q2115,https://db.simssa.ca/files/1800,https://db.simssa.ca/files/1801,https://db.simssa.ca/files/1802,https://db.simssa.ca/files/1799,[7.0],,,[7.0]
660,['Jacquet Jacquet '],Q15973951,http://viaf.org/viaf/87544497,87544497.0,Q3424719,Q10610388,Q42332,Q27967347,Q2115,https://db.simssa.ca/files/1804,https://db.simssa.ca/files/1805,https://db.simssa.ca/files/1806,https://db.simssa.ca/files/1803,[5.0],,,[5.0]
661,"[""N'as tu poynct mys ton hault bounet ""]",Q7039099,http://viaf.org/viaf/301999266,301999266.0,Q3424719,Q10610388,Q42332,Q27967347,Q2115,https://db.simssa.ca/files/1808,https://db.simssa.ca/files/1809,https://db.simssa.ca/files/1810,https://db.simssa.ca/files/1807,[7.0],,,[7.0]
662,['Adieu mes amours '],Q4233718,,,Q3424719,Q10610388,Q42332,Q27967347,Q2115,https://db.simssa.ca/files/1812,https://db.simssa.ca/files/1813,https://db.simssa.ca/files/1814,https://db.simssa.ca/files/1811,[7.0],,,[7.0]
663,"[""Forseullement l'atente que je meure ""]",Q4233718,,,Q3424719,Q10610388,Q42332,Q27967347,Q2115,https://db.simssa.ca/files/1816,https://db.simssa.ca/files/1817,https://db.simssa.ca/files/1818,https://db.simssa.ca/files/1815,[9.0],,,[9.0]
664,['Forseullement latante que je meure '],Q289914,http://viaf.org/viaf/44566257,44566257.0,Q3424719,Q10610388,Q42332,Q27967347,Q2115,https://db.simssa.ca/files/1820,https://db.simssa.ca/files/1821,https://db.simssa.ca/files/1822,https://db.simssa.ca/files/1819,[2.0],,,[2.0]
665,"[""L'autre ior je cavacioye ""]",Q975576,http://viaf.org/viaf/14957872,14957872.0,Q3424719,Q10610388,Q42332,Q27967347,Q2115,https://db.simssa.ca/files/1824,https://db.simssa.ca/files/1825,https://db.simssa.ca/files/1826,https://db.simssa.ca/files/1823,[7.0],,,[7.0]
666,['Gentil galans de fransa '],Q4233718,,,Q3424719,Q10610388,Q42332,Q27967347,Q2115,https://db.simssa.ca/files/1828,https://db.simssa.ca/files/1829,https://db.simssa.ca/files/1830,https://db.simssa.ca/files/1827,[7.0],,,[7.0]
667,"[""Je suis amie d'un forier ""]",Q975576,http://viaf.org/viaf/14957872,14957872.0,Q3424719,Q10610388,Q42332,Q27967347,Q2115,https://db.simssa.ca/files/1832,https://db.simssa.ca/files/1833,https://db.simssa.ca/files/1834,https://db.simssa.ca/files/1831,[9.0],,,[7.0]
668,['Alons fere nos barbes '],Q975576,http://viaf.org/viaf/14957872,14957872.0,Q3424719,Q10610388,Q42332,Q27967347,Q2115,https://db.simssa.ca/files/1836,https://db.simssa.ca/files/1837,https://db.simssa.ca/files/1838,https://db.simssa.ca/files/1835,[7.0],,,[7.0]
669,['Voles ouir une sanson de chyons '],Q975576,http://viaf.org/viaf/14957872,14957872.0,Q3424719,Q10610388,Q42332,Q27967347,Q2115,https://db.simssa.ca/files/1840,https://db.simssa.ca/files/1841,https://db.simssa.ca/files/1842,https://db.simssa.ca/files/1839,[7.0],,,[7.0]
670,['Plus nullez regretez '],Q143100,http://viaf.org/viaf/100226284,100226284.0,Q3424719,Q10610388,Q42332,Q27967347,Q2115,https://db.simssa.ca/files/1844,https://db.simssa.ca/files/1845,https://db.simssa.ca/files/1846,https://db.simssa.ca/files/1843,[2.0],,,[2.0]
671,['Ille etet ung bon homme '],Q4233718,,,Q3424719,Q10610388,Q42332,Q27967347,Q2115,https://db.simssa.ca/files/1848,https://db.simssa.ca/files/1849,https://db.simssa.ca/files/1850,https://db.simssa.ca/files/1847,[5.0],,,[5.0]
672,Q116215779,Q975576,http://viaf.org/viaf/14957872,14957872.0,Q3424719,Q10610388,Q42332,Q27967347,Q2115,https://db.simssa.ca/files/1852,https://db.simssa.ca/files/1853,https://db.simssa.ca/files/1854,https://db.simssa.ca/files/1851,[5.0],,,[5.0]
673,['ludica me Deus '],Q4755693,http://viaf.org/viaf/45811079,45811079.0,Q3424719,Q10610388,Q42332,Q27967347,Q2115,https://db.simssa.ca/files/1856,https://db.simssa.ca/files/1857,https://db.simssa.ca/files/1858,https://db.simssa.ca/files/1855,[2.0],,,[2.0]
674,Q116215791,Q316668,http://viaf.org/viaf/34643473,34643473.0,Q3424719,Q10610388,Q42332,Q27967347,Q2115,https://db.simssa.ca/files/1860,https://db.simssa.ca/files/1861,https://db.simssa.ca/files/1862,https://db.simssa.ca/files/1859,[7.0],,,[7.0]
675,['Paratum cor meum Deus '],Q143100,http://viaf.org/viaf/100226284,100226284.0,Q3424719,Q10610388,Q42332,Q27967347,Q2115,https://db.simssa.ca/files/1864,https://db.simssa.ca/files/1865,https://db.simssa.ca/files/1866,https://db.simssa.ca/files/1863,,,,
676,['Spem in alium numquam habui '],Q4233718,,,Q3424719,Q10610388,Q42332,Q27967347,Q2115,https://db.simssa.ca/files/1868,https://db.simssa.ca/files/1869,https://db.simssa.ca/files/1870,https://db.simssa.ca/files/1867,[0.0],,,[0.0]
677,['Regem confessorum dominum venite '],Q1660965,http://viaf.org/viaf/100249517,100249517.0,Q3424719,Q10610388,Q42332,Q27967347,Q2115,https://db.simssa.ca/files/1872,https://db.simssa.ca/files/1873,https://db.simssa.ca/files/1874,https://db.simssa.ca/files/1871,[5.0],,,[5.0]
678,['Bona vita bona refectio '],Q1660965,http://viaf.org/viaf/100249517,100249517.0,Q3424719,Q10610388,Q42332,Q27967347,Q2115,https://db.simssa.ca/files/1876,https://db.simssa.ca/files/1877,https://db.simssa.ca/files/1878,https://db.simssa.ca/files/1875,[0.0],,,[0.0]
679,"['Alma redemptoris mater (C., B.) / Ave regina coelorum (., T.)']",Q143100,http://viaf.org/viaf/100226284,100226284.0,Q3424719,Q10610388,Q42332,Q27967347,Q2115,https://db.simssa.ca/files/1880,https://db.simssa.ca/files/1881,https://db.simssa.ca/files/1882,https://db.simssa.ca/files/1879,[0.0],,,[0.0]
680,['Ave Maria gratia plena  virgo serena'],Q143100,http://viaf.org/viaf/100226284,100226284.0,Q3424719,Q10610388,Q42332,Q27967347,Q2115,https://db.simssa.ca/files/1884,https://db.simssa.ca/files/1885,https://db.simssa.ca/files/1886,https://db.simssa.ca/files/1883,[0.0],,,[0.0]
681,Q116215863,Q1150781,http://viaf.org/viaf/56799307,56799307.0,Q3424719,Q10610388,Q42332,Q27967347,Q2115,https://db.simssa.ca/files/1888,https://db.simssa.ca/files/1889,https://db.simssa.ca/files/1890,https://db.simssa.ca/files/1887,,,,
682,Q116215873,Q143100,http://viaf.org/viaf/100226284,100226284.0,Q3424719,Q10610388,Q42332,Q27967347,Q2115,https://db.simssa.ca/files/1892,https://db.simssa.ca/files/1893,https://db.simssa.ca/files/1894,https://db.simssa.ca/files/1891,[7.0],,,[7.0]
683,['Felix namque es sacra Virgo Maria '],Q1660965,http://viaf.org/viaf/100249517,100249517.0,Q3424719,Q10610388,Q42332,Q27967347,Q2115,https://db.simssa.ca/files/1896,https://db.simssa.ca/files/1897,https://db.simssa.ca/files/1898,https://db.simssa.ca/files/1895,[7.0],,,[7.0]
684,[' bone et dulcis domine Yhesus '],Q143100,http://viaf.org/viaf/100226284,100226284.0,Q3424719,Q10610388,Q42332,Q27967347,Q2115,https://db.simssa.ca/files/1900,https://db.simssa.ca/files/1901,https://db.simssa.ca/files/1902,https://db.simssa.ca/files/1899,[2.0],,,[2.0]
